pair_id,rank_orig,x,y,scale,theta,ncc,siamese,fused_orig,b_score,a_score,s_score,comb_score,is_gt,dist_gt
pair_001,1,656.5,365.5,9.0,-1.0,0.9721834063529968,0.841139018535614,0.9066612124443054,1.0,0.09498243058662129,1.0101623733597536,1.326673935897605,True,0.7071067811865476
pair_001,2,656.5,365.5,9.0,0.0,0.970215767621994,0.841139018535614,0.905677393078804,1.0,0.09498243058662129,1.0101623733597536,1.3256901165321036,True,0.7071067811865476
pair_001,3,655.5,366.5,9.0,-1.5,0.9626058042049408,0.841139018535614,0.9018724113702774,1.0,0.09498243058662129,1.0101623733597536,1.321885134823577,True,0.7071067811865476
pair_001,4,656.0,366.0,8.75,-1.0,0.9612275660037994,0.841139018535614,0.9011832922697067,1.0,0.09498243058662129,1.0101623733597536,1.3211960157230063,True,0.0
pair_001,5,656.0,366.0,8.75,0.0,0.9599312841892242,0.841139018535614,0.9005351513624191,1.0,0.09498243058662129,1.0101623733597536,1.3205478748157187,True,0.0
pair_002,1,686.5,352.5,9.75,4.0,0.9698085486888885,0.9782124757766724,0.9740105122327805,0.9803921568627451,0.07142584459563303,0.9334890534497545,1.3757622335557058,True,0.7071067811865476
pair_002,2,686.5,352.5,9.75,3.5,0.9653345942497253,0.9782124757766724,0.9717735350131989,0.9803921568627451,0.07142584459563303,0.9334890534497545,1.3735252563361242,True,0.7071067811865476
pair_002,3,686.5,352.5,9.75,5.0,0.959475189447403,0.9782124757766724,0.9688438326120377,0.9803921568627451,0.07142584459563303,0.9334890534497545,1.370595553934963,True,0.7071067811865476
pair_002,4,687.0,353.0,10.0,4.0,0.9660211205482483,0.9660556316375732,0.9660383760929108,1.0,0.07030564457837361,0.9457637152176763,1.374675876530353,True,1.4142135623730951
pair_002,5,687.0,353.0,10.0,3.5,0.96092289686203,0.9660556316375732,0.9634892642498016,1.0,0.07030564457837361,0.9457637152176763,1.372126764687244,True,1.4142135623730951
pair_003,1,261.0,528.0,10.0,0.0,0.8973671495914459,0.8763070106506348,0.8868370801210403,0.9803921568627451,0.001878087194450844,1.0065984127735519,1.2819901858961091,False,210.0
pair_003,2,261.0,528.0,10.0,-1.0,0.789717823266983,0.8763070106506348,0.8330124169588089,0.9803921568627451,0.001878087194450844,1.0065984127735519,1.2281655227338777,False,210.0
pair_003,3,261.0,528.0,10.0,1.0,0.7895169854164124,0.8763070106506348,0.8329119980335236,0.9803921568627451,0.001878087194450844,1.0065984127735519,1.2280651038085924,False,210.0
pair_003,4,261.0,528.0,10.25,0.0,0.7569007873535156,0.8763070106506348,0.8166038990020752,0.9803921568627451,0.001878087194450844,1.0065984127735519,1.211757004777144,False,210.0
pair_003,5,331.0,528.0,10.25,-1.0,0.7452612519264221,0.8763070106506348,0.8107841312885284,0.9803921568627451,0.0025731329955624082,1.0065984127735519,1.2060762462238195,False,140.0
pair_004,1,376.0,737.0,10.0,0.0,0.8499699532985687,0.8887873888015747,0.8693786710500717,0.9803921568627451,0.01721456190720388,0.9235456821027338,1.2592937987006092,False,70.0
pair_004,2,375.5,667.5,10.75,-1.0,0.9276000261306763,0.7750436067581177,0.851321816444397,0.9727626463656123,0.011715630679595048,0.9945045617849575,1.2449441926684954,True,0.7071067811865476
pair_004,3,375.5,667.5,10.75,-1.5,0.91019406914711,0.7750436067581177,0.8426188379526138,0.9727626463656123,0.011715630679595048,0.9945045617849575,1.2362412141767123,True,0.7071067811865476
pair_004,4,376.0,667.0,10.25,-1.0,0.8954754173755646,0.7894654870033264,0.8424704521894455,0.9727626463656123,0.011597206974678968,0.987080186043684,1.2353267060984336,True,0.0
pair_004,5,375.5,667.5,10.75,0.0,0.8969357013702393,0.7750436067581177,0.8359896540641785,0.9727626463656123,0.011715630679595048,0.9945045617849575,1.229612030288277,True,0.7071067811865476
pair_005,1,611.0,364.0,10.0,0.0,0.9529180228710175,0.9872303009033203,0.9700741618871689,0.9803921568627451,0.010663344796228139,1.001166219975805,1.3664410999028183,False,180.27756377319946
pair_005,2,611.0,364.0,10.0,-1.0,0.8279356956481934,0.9872303009033203,0.9075829982757568,0.9803921568627451,0.010663344796228139,1.001166219975805,1.3039499362914062,False,180.27756377319946
pair_005,3,611.0,364.0,10.0,1.0,0.8278430700302124,0.9872303009033203,0.9075366854667664,0.9803921568627451,0.010663344796228139,1.001166219975805,1.3039036234824157,False,180.27756377319946
pair_005,4,611.0,364.0,10.25,0.0,0.7941859364509583,0.9872303009033203,0.8907081186771393,0.9803921568627451,0.010663344796228139,1.001166219975805,1.2870750566927887,False,180.27756377319946
pair_005,5,611.0,364.0,10.25,-1.0,0.7691372632980347,0.9872303009033203,0.8781837821006775,0.9803921568627451,0.010663344796228139,1.001166219975805,1.2745507201163269,False,180.27756377319946
pair_006,1,128.0,110.0,10.0,0.0,0.9561709463596344,0.9903029203414917,0.973236933350563,1.0,0.012124549650846177,0.9957839032418446,1.3752402336049168,False,632.4555320336759
pair_006,2,78.0,110.0,10.0,1.0,0.832470029592514,0.9903029203414917,0.9113864749670029,1.0,0.026191094761427128,0.9784718896985859,1.314471882889147,False,650.0
pair_006,3,78.0,60.0,10.0,-1.0,0.8328495025634766,0.9903029203414917,0.9115762114524841,1.0,0.038422449175764505,0.8373398103154494,1.302994682319182,False,696.419413859206
pair_006,4,78.0,60.0,10.25,0.0,0.7955194711685181,0.9903029203414917,0.8929111957550049,1.0,0.038422449175764505,0.8373398103154494,1.2843296666217028,False,696.419413859206
pair_006,5,428.0,660.0,10.25,-1.5,0.7312043905258179,0.9779903888702393,0.8545973896980286,0.9615384615384615,0.05579970135238906,1.0490157218310625,1.259120440613151,False,111.80339887498948
pair_007,1,501.5,457.5,11.75,-1.0,0.926118016242981,0.5352412462234497,0.7306796312332153,0.9803921568627451,0.013630344782788338,1.0074564380826894,1.1282689910568653,True,0.7071067811865476
pair_007,2,501.5,457.5,11.75,-1.5,0.9169436395168304,0.5352412462234497,0.7260924428701401,0.9803921568627451,0.013630344782788338,1.0074564380826894,1.12368180269379,True,0.7071067811865476
pair_007,3,501.5,458.5,12.0,-1.0,0.8999939560890198,0.5352412462234497,0.7176176011562347,0.9803921568627451,0.013630344782788338,1.0074564380826894,1.1152069609798847,True,0.7071067811865476
pair_007,4,501.5,457.5,12.0,-1.5,0.8898991048336029,0.5352412462234497,0.7125701755285263,0.9803921568627451,0.013630344782788338,1.0074564380826894,1.1101595353521763,True,0.7071067811865476
pair_007,5,501.5,457.5,11.75,1.0,0.8804172575473785,0.5352412462234497,0.7078292518854141,0.9803921568627451,0.013630344782788338,1.0074564380826894,1.105418611709064,True,0.7071067811865476
pair_008,1,374.0,620.0,10.25,-3.5,0.9023739695549011,0.8758713006973267,0.8891226351261139,0.9727626463656123,0.008066611434929054,1.0527473894400334,1.287839490266787,True,1.4142135623730951
pair_008,2,374.0,619.0,10.0,-4.0,0.8904671967029572,0.8841682076454163,0.8873177021741867,0.9727626463656123,0.007343875611500396,1.0490598557694837,1.285521256783119,True,1.0
pair_008,3,374.0,619.0,10.0,-3.5,0.8729380667209625,0.8841682076454163,0.8785531371831894,0.9727626463656123,0.007343875611500396,1.0490598557694837,1.2767566917921216,True,1.0
pair_008,4,374.0,619.0,10.25,-2.5,0.8643469214439392,0.8841682076454163,0.8742575645446777,0.9727626463656123,0.007343875611500396,1.0490598557694837,1.27246111915361,True,1.0
pair_008,5,373.5,620.5,9.75,-4.0,0.837827742099762,0.8758713006973267,0.8568495213985443,0.9727626463656123,0.008066611434929054,1.0527473894400334,1.2555663765392173,True,1.5811388300841898
pair_009,1,483.0,167.0,10.0,0.0,1.0,1.0,1.0,0.8362938195371575,0.016774722320571978,0.9878693822806163,1.3530300285533234,False,322.49030993194197
pair_009,2,483.0,167.0,10.25,0.0,0.9558387100696564,1.0,0.9779193550348282,0.8362938195371575,0.016774722320571978,0.9878693822806163,1.3309493835881516,False,322.49030993194197
pair_009,3,483.0,167.0,10.0,1.0,0.9545713663101196,1.0,0.9772856831550598,0.8362938195371575,0.016774722320571978,0.9878693822806163,1.3303157117083833,False,322.49030993194197
pair_009,4,483.0,167.0,10.0,-1.0,0.9544285833835602,1.0,0.9772142916917801,0.8362938195371575,0.016774722320571978,0.9878693822806163,1.3302443202451035,False,322.49030993194197
pair_009,5,523.0,567.0,10.0,1.5,0.9118994772434235,1.0,0.9559497386217117,0.8362938195371575,0.03934133099752411,0.9906901936737157,1.3137751700497355,False,113.13708498984761
pair_010,1,454.0,550.0,10.25,1.5,0.9960985481739044,0.8451460599899292,0.9206223040819168,0.946969697824906,0.040594042650901656,1.3572372225767946,1.3485557442172484,True,0.0
pair_010,2,454.0,550.0,10.25,1.0,0.9892792701721191,0.8451460599899292,0.9172126650810242,0.946969697824906,0.040594042650901656,1.3572372225767946,1.3451461052163558,True,0.0
pair_010,3,454.0,550.0,10.25,2.5,0.9781205654144287,0.8451460599899292,0.911633312702179,0.946969697824906,0.040594042650901656,1.3572372225767946,1.3395667528375106,True,0.0
pair_010,4,454.0,550.0,10.0,1.0,0.9572307467460632,0.8451460599899292,0.9011884033679962,0.946969697824906,0.040594042650901656,1.3572372225767946,1.3291218435033278,True,0.0
pair_010,5,454.0,550.0,10.0,1.5,0.9516919255256653,0.8451460599899292,0.8984189927577972,0.946969697824906,0.040594042650901656,1.3572372225767946,1.3263524328931289,True,0.0
pair_011,1,338.0,634.0,10.0,0.0,0.9999322295188904,0.999872624874115,0.9999024271965027,1.0,0.0455746619189142,1.1738840456042576,1.4264057641407115,False,233.3452377915607
pair_011,2,338.0,634.0,10.25,0.0,0.8973332643508911,0.999872624874115,0.948602944612503,1.0,0.0455746619189142,1.1738840456042576,1.3751062815567119,False,233.3452377915607
pair_011,3,337.0,634.0,10.0,1.0,0.884831428527832,0.9650872945785522,0.9249593615531921,1.0,0.045921025107501096,1.1686213721671217,1.3510057037914047,False,234.05341270744162
pair_011,4,339.0,634.0,10.0,-1.0,0.8867445290088654,0.9596532583236694,0.9231988936662674,1.0,0.0439534481086304,1.1791529222404211,1.3499048755120355,False,232.63920563825866
pair_011,5,338.0,634.0,10.25,-1.0,0.837998241186142,0.999872624874115,0.9189354330301285,1.0,0.0455746619189142,1.1738840456042576,1.3454387699743373,False,233.3452377915607
pair_012,1,828.0,640.0,10.0,0.0,0.9999675154685974,0.9999908208847046,0.999979168176651,1.0,0.3110987181248731,1.0792561217110506,1.4701245239727305,False,466.6904755831214
pair_012,2,498.0,310.0,10.0,-1.5,0.9947668015956879,0.9536260366439819,0.9741964191198349,1.0,0.015826700174296635,0.9873041048875628,1.3760921696434505,True,0.0
pair_012,3,498.0,310.0,10.25,-1.5,0.9063825905323029,0.9536260366439819,0.9300043135881424,1.0,0.015826700174296635,0.9873041048875628,1.331900064111758,True,0.0
pair_012,4,828.0,640.0,10.0,-1.0,0.8805996179580688,0.9999908208847046,0.9402952194213867,1.0,0.3110987181248731,1.0792561217110506,1.4104405752174662,False,466.6904755831214
pair_012,5,828.0,640.0,10.0,1.0,0.8801229894161224,0.9999908208847046,0.9400569051504135,1.0,0.3110987181248731,1.0792561217110506,1.410202260946493,False,466.6904755831214
pair_013,1,764.0,418.0,10.0,0.0,0.9999695122241974,0.9999042749404907,0.999936893582344,1.0,0.07197232535840634,0.9643613829862481,1.41076749695265,False,403.0508652763321
pair_013,2,764.0,418.0,10.0,1.0,0.8863962292671204,0.9999042749404907,0.9431502521038055,1.0,0.07197232535840634,0.9643613829862481,1.3539808554741115,False,403.0508652763321
pair_013,3,764.0,418.0,10.0,-1.0,0.8862324655056,0.9999042749404907,0.9430683702230453,1.0,0.07197232535840634,0.9643613829862481,1.3538989735933513,False,403.0508652763321
pair_013,4,764.0,418.0,10.25,1.0,0.8567979633808136,0.9999042749404907,0.9283511191606522,1.0,0.07197232535840634,0.9643613829862481,1.3391817225309581,False,403.0508652763321
pair_013,5,194.0,703.0,10.25,1.5,0.8471490740776062,0.989571213722229,0.9183601438999176,1.0,0.40555473551375565,0.9655802117220866,1.3960291121748774,False,285.0
pair_014,1,624.0,620.0,10.0,0.0,0.9999752044677734,0.9999788999557495,0.9999770522117615,0.9803921568627451,0.056896329402713025,0.8939954042626431,1.3948735055773918,False,300.416377715996
pair_014,2,624.0,620.0,10.0,-1.0,0.9206584692001343,0.9999788999557495,0.9603186845779419,0.9803921568627451,0.056896329402713025,0.8939954042626431,1.3552151379435722,False,300.416377715996
pair_014,3,624.0,620.0,10.0,1.0,0.920625239610672,0.9999788999557495,0.9603020697832108,0.9803921568627451,0.056896329402713025,0.8939954042626431,1.355198523148841,False,300.416377715996
pair_014,4,244.0,525.0,10.0,-1.5,0.8621651828289032,0.9891936779022217,0.9256794303655624,0.9803921568627451,0.1061317364899996,0.9274773905767076,1.3337711637800564,False,95.0
pair_014,5,624.0,621.0,10.25,-1.0,0.8405297994613647,0.947717010974884,0.8941234052181244,0.9803921568627451,0.05636528638385734,0.8940628381269636,1.2889203933664155,False,300.7341018241862
pair_015,1,501.0,660.0,10.0,0.0,0.9999915957450867,0.9999600052833557,0.9999758005142212,1.0,0.09363419739424281,1.2052324271300363,1.4392258827060733,False,285.0
pair_015,2,501.0,660.0,10.0,1.0,0.9586409032344818,0.9999600052833557,0.9793004542589188,1.0,0.09363419739424281,1.2052324271300363,1.418550536450771,False,285.0
pair_015,3,501.0,660.0,10.0,-1.0,0.9585760831832886,0.9999600052833557,0.9792680442333221,1.0,0.09363419739424281,1.2052324271300363,1.4185181264251743,False,285.0
pair_015,4,501.0,660.0,10.25,0.0,0.9415454268455505,0.9999600052833557,0.9707527160644531,1.0,0.09363419739424281,1.2052324271300363,1.4100027982563053,False,285.0
pair_015,5,500.0,660.0,10.25,-1.0,0.9396181702613831,0.9338187575340271,0.9367184638977051,1.0,0.08814471233917948,1.2247310066948651,1.3768205070350277,False,285.00175438056516
pair_016,1,884.0,496.0,10.0,0.0,1.0,0.9999999403953552,0.9999999701976776,0.9803921568627451,0.322470064391482,0.28888336634768924,1.3874999667695664,False,570.0
pair_016,2,884.0,496.0,10.0,-1.0,0.9510597884654999,0.9999999403953552,0.9755298644304276,0.9803921568627451,0.322470064391482,0.28888336634768924,1.3630298610023164,False,570.0
pair_016,3,884.0,496.0,10.0,1.0,0.9510369002819061,0.9999999403953552,0.9755184203386307,0.9803921568627451,0.322470064391482,0.28888336634768924,1.3630184169105195,False,570.0
pair_016,4,314.5,496.5,9.75,-4.0,0.9715555310249329,0.8938997983932495,0.9327276647090912,0.9727626463656123,0.06662358634415662,0.22196428003311397,1.2600776038909176,True,0.7071067811865476
pair_016,5,314.5,496.5,9.75,-5.0,0.9537143409252167,0.8938997983932495,0.9238070696592331,0.9727626463656123,0.06662358634415662,0.22196428003311397,1.2511570088410595,True,0.7071067811865476
pair_017,1,539.0,231.0,10.0,0.0,0.8389572501182556,0.9640148878097534,0.9014860689640045,1.0,0.04667532015722388,1.0173584581553021,1.3125569788109794,False,96.33275663033837
pair_017,2,539.0,231.0,10.0,1.0,0.7758642435073853,0.9640148878097534,0.8699395656585693,1.0,0.04667532015722388,1.0173584581553021,1.2810104755055443,False,96.33275663033837
pair_017,3,475.0,303.0,10.0,-3.5,0.88878333568573,0.41017597913742065,0.6494796574115753,0.9225092283386471,0.010750015292069943,1.413723565484471,1.0697547855200304,True,0.0
pair_017,4,475.0,303.0,10.0,-2.5,0.8629783987998962,0.41017597913742065,0.6365771889686584,0.9225092283386471,0.010750015292069943,1.413723565484471,1.0568523170771136,True,0.0
pair_017,5,475.5,303.5,9.75,-4.0,0.9862789213657379,0.276788592338562,0.63153375685215,0.9192224150652274,0.01365633278956663,1.4052809326602917,1.0505598411956607,True,0.7071067811865476
pair_018,1,841.0,157.0,10.0,0.0,0.9119155406951904,0.9968375563621521,0.9543765485286713,0.9803921568627451,0.0033224730560345475,1.0357151261186202,1.3527302028105634,False,503.491807281906
pair_018,2,841.0,157.0,10.0,-1.0,0.8324629962444305,0.9968375563621521,0.9146502763032913,0.9803921568627451,0.0033224730560345475,1.0357151261186202,1.3130039305851835,False,503.491807281906
pair_018,3,937.0,157.0,10.0,1.0,0.8324123024940491,0.9968375563621521,0.9146249294281006,1.0,0.041305345880999475,1.0443716286050768,1.3273231614648082,False,574.7208017811779
pair_018,4,873.0,157.0,10.25,0.0,0.8213675916194916,0.9968375563621521,0.9091025739908218,1.0,0.03008925357695679,1.0609836246026327,1.3212187871664764,False,526.3610927870714
pair_018,5,873.0,157.0,10.25,-1.0,0.791418582201004,0.9968375563621521,0.8941280692815781,1.0,0.03008925357695679,1.0609836246026327,1.3062442824572327,False,526.3610927870714
pair_019,1,453.0,515.0,10.25,1.0,0.8730652332305908,0.4035658538341522,0.6383155435323715,0.9328897755805148,0.015370061395455999,1.5767855392525527,1.0789350424108723,True,0.0
pair_019,2,453.0,515.0,10.25,-1.0,0.8665749728679657,0.4035658538341522,0.635070413351059,0.9328897755805148,0.015370061395455999,1.5767855392525527,1.0756899122295598,True,0.0
pair_019,3,453.0,515.0,10.25,1.5,0.8613069653511047,0.4035658538341522,0.6324364095926285,0.9328897755805148,0.015370061395455999,1.5767855392525527,1.0730559084711293,True,0.0
pair_019,4,453.0,515.0,10.25,0.0,0.8603585362434387,0.4035658538341522,0.6319621950387955,0.9328897755805148,0.015370061395455999,1.5767855392525527,1.0725816939172963,True,0.0
pair_019,5,453.0,515.0,10.25,-1.5,0.8518487811088562,0.4035658538341522,0.6277073174715042,0.9328897755805148,0.015370061395455999,1.5767855392525527,1.068326816350005,True,0.0
pair_020,1,95.0,331.0,10.0,0.0,0.8897623717784882,0.9934860467910767,0.9416242092847824,0.9803921568627451,0.030314483744658952,1.0026107735774792,1.3420658304502855,False,384.0
pair_020,2,95.0,331.0,10.0,1.0,0.799771249294281,0.9934860467910767,0.8966286480426788,0.9803921568627451,0.030314483744658952,1.0026107735774792,1.297070269208182,False,384.0
pair_020,3,95.0,331.0,10.0,-1.0,0.7972284257411957,0.9934860467910767,0.8953572362661362,0.9803921568627451,0.030314483744658952,1.0026107735774792,1.2957988574316393,False,384.0
pair_020,4,95.0,331.0,10.25,0.0,0.7755418121814728,0.9934860467910767,0.8845139294862747,0.9803921568627451,0.030314483744658952,1.0026107735774792,1.2849555506517778,False,384.0
pair_020,5,95.0,331.0,10.25,1.0,0.7536886632442474,0.9934860467910767,0.873587355017662,0.9803921568627451,0.030314483744658952,1.0026107735774792,1.2740289761831651,False,384.0
pair_021,1,335.0,242.0,10.0,0.0,0.9099684357643127,0.976951003074646,0.9434597194194794,0.9803921568627451,0.007159747603659892,1.001808724526144,1.339190188451649,False,279.8856909525744
pair_021,2,407.0,242.0,10.0,-1.0,0.8498812615871429,0.976951003074646,0.9134161323308945,0.9803921568627451,0.007159747603659892,1.001808724526144,1.3091466013630642,False,250.5673562138532
pair_021,3,407.0,242.0,10.0,1.0,0.8496217429637909,0.976951003074646,0.9132863730192184,0.9803921568627451,0.007159747603659892,1.001808724526144,1.3090168420513881,False,250.5673562138532
pair_021,4,479.0,362.0,10.0,1.5,0.8061481714248657,0.976951003074646,0.8915495872497559,0.9803921568627451,0.01245323525531419,1.0053709277662308,1.2886949741362652,False,120.0
pair_021,5,407.0,242.0,10.25,0.0,0.8247291445732117,0.976951003074646,0.9008400738239288,0.9803921568627451,0.007159747603659892,1.001808724526144,1.2965705428560985,False,250.5673562138532
pair_022,1,102.0,443.0,10.0,0.0,0.9013682007789612,0.9919726848602295,0.9466704428195953,0.9803921568627451,0.0021905329315871943,0.9484072616951317,1.3360669226342494,False,448.35700061446573
pair_022,2,174.0,443.0,10.0,-1.0,0.8400433659553528,0.9919726848602295,0.9160080254077911,0.9615384615384615,0.002040953169427006,1.0090402708587034,1.305781781589085,False,379.4733192202055
pair_022,3,102.0,443.0,10.0,1.0,0.8402247130870819,0.9919726848602295,0.9160986989736557,0.9803921568627451,0.0021905329315871943,0.9484072616951317,1.3054951787883098,False,448.35700061446573
pair_022,4,462.0,443.0,10.25,-1.5,0.7887299656867981,0.9919726848602295,0.8903513252735138,0.9615384615384615,0.01511006646206919,1.0090083461927741,1.2827357116467435,False,139.9428454762872
pair_022,5,102.0,443.0,10.25,0.0,0.8316447734832764,0.9919726848602295,0.9118087291717529,0.9803921568627451,0.0021905329315871943,0.9484072616951317,1.301205208986407,False,448.35700061446573
pair_023,1,641.0,482.0,10.0,0.0,0.9050785005092621,0.9768000841140747,0.9409392923116684,1.0,0.033333907576994,1.0151890054525499,1.3491249743723224,False,128.0
pair_023,2,641.0,482.0,10.0,1.0,0.7352716624736786,0.9768000841140747,0.8560358732938766,1.0,0.033333907576994,1.0151890054525499,1.2642215553545306,False,128.0
pair_023,3,641.0,482.0,10.0,-1.0,0.7321348041296005,0.9768000841140747,0.8544674441218376,1.0,0.033333907576994,1.0151890054525499,1.2626531261824916,False,128.0
pair_023,4,641.0,482.0,10.25,0.0,0.6969285607337952,0.9768000841140747,0.8368643224239349,1.0,0.033333907576994,1.0151890054525499,1.245050004484589,False,128.0
pair_023,5,641.0,482.0,10.25,1.0,0.6644082963466644,0.9768000841140747,0.8206041902303696,1.0,0.033333907576994,1.0151890054525499,1.2287898722910235,False,128.0
pair_024,1,473.5,323.5,12.0,1.0,0.9863173961639404,0.641934335231781,0.8141258656978607,1.0,0.005123370771046335,1.2168385166160511,1.2368343915136752,True,0.7071067811865476
pair_024,2,473.5,323.5,12.0,1.5,0.9693697094917297,0.641934335231781,0.8056520223617554,1.0,0.005123370771046335,1.2168385166160511,1.22836054817757,True,0.7071067811865476
pair_024,3,473.5,323.5,12.0,0.0,0.9269593954086304,0.641934335231781,0.7844468653202057,1.0,0.005123370771046335,1.2168385166160511,1.2071553911360202,True,0.7071067811865476
pair_024,4,473.5,323.5,12.0,-1.0,0.9121201932430267,0.641934335231781,0.7770272642374039,1.0,0.005123370771046335,1.2168385166160511,1.1997357900532184,True,0.7071067811865476
pair_024,5,473.5,323.5,12.0,2.5,0.9082874655723572,0.641934335231781,0.7751109004020691,1.0,0.005123370771046335,1.2168385166160511,1.1978194262178836,True,0.7071067811865476
pair_025,1,483.0,537.0,10.0,-4.0,0.9512422382831573,0.8181390762329102,0.8846906572580338,0.9615384615384615,0.01673127705527579,1.0610802297096265,1.28260647410159,True,1.0
pair_025,2,483.0,537.0,10.0,-5.0,0.9425531923770905,0.8181390762329102,0.8803461343050003,0.9615384615384615,0.01673127705527579,1.0610802297096265,1.2782619511485565,True,1.0
pair_025,3,483.0,537.0,10.25,-4.0,0.9293011724948883,0.8181390762329102,0.8737201243638992,0.9615384615384615,0.01673127705527579,1.0610802297096265,1.2716359412074554,True,1.0
pair_025,4,483.0,537.0,10.25,-5.0,0.9226312637329102,0.8181390762329102,0.8703851699829102,0.9615384615384615,0.01673127705527579,1.0610802297096265,1.2683009868264663,True,1.0
pair_025,5,483.5,537.5,9.75,-4.0,0.995514839887619,0.7074978947639465,0.8515063673257828,0.9399043948527807,0.017809283864190267,1.0743321161145458,1.2444727541659097,True,0.7071067811865476
pair_026,1,524.5,287.5,11.0,-5.0,0.8141836822032928,0.8350647687911987,0.8246242254972458,0.9399043948527807,0.014548187447305573,1.109422240082533,1.2204474054507943,True,5.70087712549569
pair_026,2,524.5,287.5,11.0,-4.0,0.8106500804424286,0.8350647687911987,0.8228574246168137,0.9399043948527807,0.014548187447305573,1.109422240082533,1.2186806045703622,True,5.70087712549569
pair_026,3,523.5,288.5,11.25,-5.0,0.8064004778862,0.8350647687911987,0.8207326233386993,0.9399043948527807,0.014548187447305573,1.109422240082533,1.2165558032922479,True,5.1478150704935
pair_026,4,523.5,288.5,11.25,-4.0,0.8033095598220825,0.8350647687911987,0.8191871643066406,0.9399043948527807,0.014548187447305573,1.109422240082533,1.2150103442601892,True,5.1478150704935
pair_026,5,524.0,290.0,10.25,-5.0,0.8288852870464325,0.7945766448974609,0.8117309659719467,0.9579112955847655,0.014107245179179289,1.129415831381271,1.2148673868213393,True,3.605551275463989
pair_027,1,927.0,170.0,10.0,0.0,0.9699640572071075,0.9948109984397888,0.9823875278234482,1.0,0.028137976015025788,0.9592300844731863,1.383938131473772,False,544.0588203494177
pair_027,2,927.0,170.0,10.0,-1.0,0.892732560634613,0.9948109984397888,0.9437717795372009,1.0,0.028137976015025788,0.9592300844731863,1.3453223831875247,False,544.0588203494177
pair_027,3,927.0,170.0,10.0,1.0,0.8910691738128662,0.9948109984397888,0.9429400861263275,1.0,0.028137976015025788,0.9592300844731863,1.3444906897766513,False,544.0588203494177
pair_027,4,927.0,170.0,10.25,0.0,0.8747188448905945,0.9948109984397888,0.9347649216651917,1.0,0.028137976015025788,0.9592300844731863,1.3363155253155155,False,544.0588203494177
pair_027,5,927.0,170.0,10.25,1.0,0.8418945670127869,0.9948109984397888,0.9183527827262878,1.0,0.028137976015025788,0.9592300844731863,1.3199033863766116,False,544.0588203494177
pair_028,1,75.0,228.0,10.0,0.0,0.959743320941925,0.988764226436615,0.97425377368927,1.0,0.002995865850558906,1.0463726022623188,1.3794902070856137,False,444.6301834108881
pair_028,2,75.0,228.0,10.0,1.0,0.8761237263679504,0.988764226436615,0.9324439764022827,1.0,0.002995865850558906,1.0463726022623188,1.3376804097986263,False,444.6301834108881
pair_028,3,75.0,228.0,10.0,-1.0,0.874887079000473,0.988764226436615,0.931825652718544,1.0,0.002995865850558906,1.0463726022623188,1.3370620861148876,False,444.6301834108881
pair_028,4,75.0,228.0,10.25,0.0,0.8587780296802521,0.988764226436615,0.9237711280584335,1.0,0.002995865850558906,1.0463726022623188,1.3290075614547772,False,444.6301834108881
pair_028,5,75.0,228.0,10.25,1.0,0.8281380832195282,0.988764226436615,0.9084511548280716,1.0,0.002995865850558906,1.0463726022623188,1.3136875882244152,False,444.6301834108881
pair_029,1,482.0,679.0,10.0,0.0,0.9763512313365936,0.9833325147628784,0.979841873049736,0.9803921568627451,0.03435732906172846,1.0373445603406102,1.384565441954966,False,146.696966567138
pair_029,2,510.0,679.0,10.0,1.0,0.9338776171207428,0.9833325147628784,0.9586050659418106,0.9803921568627451,0.04256251011694484,1.0265763711124627,1.3638928521352691,False,144.0
pair_029,3,482.0,679.0,10.0,-1.0,0.9338520467281342,0.9833325147628784,0.9585922807455063,0.9803921568627451,0.03435732906172846,1.0373445603406102,1.3633158496507363,False,146.696966567138
pair_029,4,510.0,679.0,10.25,0.0,0.9139257967472076,0.9833325147628784,0.948629155755043,0.9803921568627451,0.04256251011694484,1.0265763711124627,1.3539169419485015,False,144.0
pair_029,5,510.0,679.0,10.25,1.0,0.9065129458904266,0.9833325147628784,0.9449227303266525,0.9803921568627451,0.04256251011694484,1.0265763711124627,1.350210516520111,False,144.0
pair_030,1,380.0,205.0,10.0,0.0,0.9800971448421478,0.994982123374939,0.9875396341085434,1.0,0.012222557909643684,0.989716807879953,1.3889558264784674,False,182.42806801586207
pair_030,2,352.0,229.0,10.0,1.0,0.943372905254364,0.994982123374939,0.9691775143146515,1.0,0.009642614639132272,0.9905422142751573,1.3701602586699937,False,184.39088914585776
pair_030,3,296.0,205.0,10.0,-1.0,0.9433102309703827,0.994982123374939,0.9691461771726608,1.0,0.00307079847416627,0.989716807879953,1.3687320176554894,False,243.21184181696418
pair_030,4,268.0,205.0,10.25,0.0,0.9370917081832886,0.994982123374939,0.9660369157791138,1.0,0.003335497811177596,0.989716807879953,1.3656756961293446,False,266.2930716334918
pair_030,5,352.0,349.0,10.0,1.5,0.910311758518219,0.994982123374939,0.952646940946579,1.0,0.008805669689582544,0.989716807879953,1.3533797556724907,False,140.0
pair_031,1,521.0,537.0,10.0,1.0,0.9628931283950806,0.7719665169715881,0.8674298226833344,1.0,0.011402167412553255,1.139977061722609,1.2837079623381058,True,0.0
pair_031,2,521.0,537.0,10.0,0.0,0.9546206593513489,0.7719665169715881,0.8632935881614685,1.0,0.011402167412553255,1.139977061722609,1.27957172781624,True,0.0
pair_031,3,521.0,537.0,10.0,1.5,0.9422021508216858,0.7719665169715881,0.857084333896637,1.0,0.011402167412553255,1.139977061722609,1.2733624735514084,True,0.0
pair_031,4,521.0,537.0,10.0,-1.0,0.931948333978653,0.7719665169715881,0.8519574254751205,1.0,0.011402167412553255,1.139977061722609,1.268235565129892,True,0.0
pair_031,5,521.0,537.0,10.25,1.0,0.915627121925354,0.7719665169715881,0.8437968194484711,1.0,0.011402167412553255,1.139977061722609,1.2600749591032425,True,0.0
pair_032,1,247.0,178.0,10.0,0.0,0.8604961335659027,0.9560621380805969,0.9082791358232498,1.0,0.014958768456785643,1.010118504829015,1.3122827399975083,False,264.1514716975849
pair_032,2,247.0,178.0,10.0,-1.0,0.7858550548553467,0.9560621380805969,0.8709585964679718,1.0,0.014958768456785643,1.010118504829015,1.2749622006422303,False,264.1514716975849
pair_032,3,247.0,178.0,10.0,1.0,0.7854204475879669,0.9560621380805969,0.8707412928342819,1.0,0.014958768456785643,1.010118504829015,1.2747448970085404,False,264.1514716975849
pair_032,4,247.0,178.0,10.25,0.0,0.7683238387107849,0.9560621380805969,0.8621929883956909,1.0,0.014958768456785643,1.010118504829015,1.2661965925699494,False,264.1514716975849
pair_032,5,247.0,178.0,10.25,1.0,0.7449957132339478,0.9560621380805969,0.8505289256572723,1.0,0.014958768456785643,1.010118504829015,1.2545325298315309,False,264.1514716975849
pair_033,1,466.5,481.5,8.25,-1.5,0.9756251275539398,0.12553896009922028,0.55058204382658,0.9803921568627451,0.06874510992007449,1.0846493013034966,0.9669136429997681,True,0.7071067811865476
pair_033,2,466.5,481.5,8.25,-1.0,0.9745259881019592,0.12553896009922028,0.5500324741005898,0.9803921568627451,0.06874510992007449,1.0846493013034966,0.9663640732737778,True,0.7071067811865476
pair_033,3,466.5,481.5,8.25,-2.5,0.9605811238288879,0.12553896009922028,0.5430600419640541,0.9803921568627451,0.06874510992007449,1.0846493013034966,0.9593916411372422,True,0.7071067811865476
pair_033,4,466.5,481.5,8.25,-3.5,0.9325981438159943,0.12553896009922028,0.5290685519576073,0.9803921568627451,0.06874510992007449,1.0846493013034966,0.9454001511307953,True,0.7071067811865476
pair_033,5,466.5,481.5,8.25,-4.0,0.9166038930416107,0.12553896009922028,0.5210714265704155,0.9803921568627451,0.06874510992007449,1.0846493013034966,0.9374030257436036,True,0.7071067811865476
pair_034,1,473.0,338.0,10.0,-3.5,0.8629692792892456,0.6378834843635559,0.7504263818264008,0.9433962264150942,0.04200255634192786,0.8683026108456772,1.1286760221038823,True,3.0
pair_034,2,473.5,337.5,9.75,-2.5,0.8451699018478394,0.6337052583694458,0.7394375801086426,0.9259259259259258,0.04028775375163634,0.8507232969676205,1.1103452383335097,True,2.5495097567963922
pair_034,3,473.5,337.5,9.75,-3.5,0.8437280356884003,0.6337052583694458,0.738716647028923,0.9259259259259258,0.04028775375163634,0.8507232969676205,1.1096243052537902,True,2.5495097567963922
pair_034,4,474.0,337.0,10.25,-3.5,0.8828063309192657,0.58653324842453,0.7346697896718979,0.9259259259259258,0.04100658428297788,0.8584150992503072,1.1064903942313018,True,2.23606797749979
pair_034,5,474.0,337.0,10.25,-2.5,0.8782034516334534,0.58653324842453,0.7323683500289917,0.9259259259259258,0.04100658428297788,0.8584150992503072,1.1041889545883956,True,2.23606797749979
pair_035,1,298.0,301.0,10.0,0.0,0.9920873641967773,0.9994667768478394,0.9957770705223083,0.9803921568627451,0.004298247053795861,0.9761756630047763,1.3883719332923685,False,313.0814590485997
pair_035,2,376.0,301.0,10.0,1.0,0.9548563659191132,0.9994667768478394,0.9771615713834763,0.9803921568627451,0.004298247053795861,0.9761756630047763,1.3697564341535364,False,260.0
pair_035,3,376.0,275.0,10.0,-1.0,0.954829603433609,0.9994667768478394,0.9771481901407242,0.9803921568627451,0.0042982217548358384,0.9820742696203886,1.3703329085125535,False,281.23299948619115
pair_035,4,428.0,561.0,10.0,-1.5,0.9225921034812927,0.9994667768478394,0.961029440164566,0.9803921568627451,0.039365364352661796,0.9886655409505033,1.3618867141889721,False,116.27553482998907
pair_035,5,428.0,483.0,10.25,-1.5,0.9153807759284973,0.9994667768478394,0.9574237763881683,0.9803921568627451,0.033319133593019856,0.9946275994693128,1.357668010112527,False,107.20074626605917
pair_036,1,365.0,277.0,10.0,0.0,0.992686539888382,0.9995942711830139,0.9961404055356979,1.0,0.011738397591344985,0.9845373643987796,1.396941821493845,False,132.5745073534124
pair_036,2,391.0,355.0,10.0,1.0,0.960461437702179,0.9995942711830139,0.9800278544425964,1.0,0.04250360791537847,0.9917534146421455,1.3877039174898866,False,116.27553482998907
pair_036,3,495.0,303.0,10.25,3.5,0.9951304495334625,0.9650407433509827,0.9800855964422226,1.0,0.006159625488554362,0.9828487910088446,1.379602400640818,True,0.0
pair_036,4,495.0,303.0,10.25,2.5,0.9897136986255646,0.9650407433509827,0.9773772209882736,1.0,0.006159625488554362,0.9828487910088446,1.376894025186869,True,0.0
pair_036,5,365.0,277.0,10.0,-1.0,0.9604560136795044,0.9995942711830139,0.9800251424312592,1.0,0.011738397591344985,0.9845373643987796,1.3808265583894062,False,132.5745073534124
pair_037,1,75.0,879.0,10.0,0.0,0.9583977162837982,0.9907197952270508,0.9745587557554245,0.9615384615384615,0.005116133471960225,1.0363967004228258,1.3676831909536376,False,594.2120833507174
pair_037,2,699.0,471.0,10.0,1.5,0.8897431492805481,0.9907197952270508,0.9402314722537994,0.9803921568627451,0.010731038443393699,0.9846345312180841,1.33495878012311,False,192.0
pair_037,3,747.0,519.0,10.25,1.5,0.881612092256546,0.9907197952270508,0.9361659437417984,0.9803921568627451,0.010731009116043503,0.9946423676048721,1.3318940293843178,False,244.75293665245368
pair_037,4,51.0,831.0,10.0,-1.0,0.9202700257301331,0.9907197952270508,0.9554949104785919,0.9803921568627451,0.01239447360938277,0.9992505274627114,1.352016505005563,False,580.9784849716898
pair_037,5,51.0,855.0,10.0,1.0,0.9203279912471771,0.9907197952270508,0.955523893237114,0.9433962264150942,0.005344664081001607,0.9685554662653874,1.3364672406043814,False,596.1476327219626
pair_038,1,222.0,498.0,10.0,0.0,0.9383828639984131,0.9772341251373291,0.9578084945678711,0.9803921568627451,0.02409278544483323,0.9983957969784836,1.3565842784135096,False,292.9573347776089
pair_038,2,366.0,522.0,10.0,1.0,0.8980861604213715,0.9772341251373291,0.9376601427793503,0.9803921568627451,0.02542641963274578,1.0086229798353534,1.3377253717482582,False,214.66252583997982
pair_038,3,246.0,498.0,10.0,-1.0,0.89776811003685,0.9772341251373291,0.9375011175870895,0.9803921568627451,0.02409278544483323,0.9983957969784836,1.336276901432728,False,273.64210202379314
pair_038,4,222.0,498.0,10.25,0.0,0.8823131620883942,0.9772341251373291,0.9297736436128616,0.9803921568627451,0.02409278544483323,0.9983957969784836,1.3285494274585001,False,292.9573347776089
pair_038,5,222.0,498.0,10.25,1.0,0.8727152347564697,0.9772341251373291,0.9249746799468994,0.9803921568627451,0.02409278544483323,0.9983957969784836,1.323750463792538,False,292.9573347776089
pair_039,1,104.0,187.0,10.0,0.0,0.9430074989795685,0.991536021232605,0.9672717601060867,1.0,0.018772944888512708,1.0369534165124374,1.3747216907350333,False,475.2136361679871
pair_039,2,590.0,475.0,10.0,1.5,0.854211688041687,0.991536021232605,0.922873854637146,1.0,0.01983274719720168,1.0271573738084876,1.329556141457435,False,108.0
pair_039,3,590.0,475.0,10.25,1.5,0.8339309394359589,0.991536021232605,0.9127334803342819,1.0,0.01983274719720168,1.0271573738084876,1.319415767154571,False,108.0
pair_039,4,68.0,187.0,10.0,1.0,0.8930420279502869,0.991536021232605,0.9422890245914459,1.0,0.019037944441923776,1.0523715176172965,1.3513337652415605,False,504.3213261403884
pair_039,5,50.0,187.0,10.0,-1.0,0.8936610817909241,0.991536021232605,0.9425985515117645,1.0,0.019946354826866092,0.9462738430209182,1.3412152067792298,False,519.1993836668145
pair_040,1,103.0,599.0,10.0,0.0,0.9276310503482819,0.9847639799118042,0.956197515130043,0.9615384615384615,0.00900418095906599,1.0018798977974555,1.34664787956314,False,519.1993836668145
pair_040,2,175.0,599.0,10.0,1.0,0.8745309710502625,0.9847639799118042,0.9296474754810333,1.0,0.02458715213617525,1.0183030857784672,1.336395214486115,False,461.0249450951651
pair_040,3,175.0,599.0,10.0,-1.0,0.8742789924144745,0.9847639799118042,0.9295214861631393,1.0,0.02458715213617525,1.0183030857784672,1.336269225168221,False,461.0249450951651
pair_040,4,121.0,599.0,10.25,0.0,0.8604341149330139,0.9847639799118042,0.9225990474224091,0.9803921568627451,0.008877779716591708,1.0506394507635624,1.323556195500907,False,504.3213261403884
pair_040,5,139.0,599.0,10.25,1.0,0.8385651111602783,0.9847639799118042,0.9116645455360413,0.9615384615384615,0.008643317403824034,0.9785640775975569,1.2997111552381,False,489.65293831447593
pair_041,1,246.0,208.0,10.0,0.0,0.9699770510196686,0.9950758218765259,0.9825264364480972,0.9803921568627451,0.011730456231540511,1.0201665253114356,1.3810068272843723,False,360.0
pair_041,2,264.0,226.0,10.0,1.0,0.903965950012207,0.9950758218765259,0.9495208859443665,0.9803921568627451,0.011730456231540511,1.0213818272210407,1.348122806971602,False,334.8193542792889
pair_041,3,210.0,226.0,10.0,-1.0,0.9039371013641357,0.9950758218765259,0.9495064616203308,0.9803921568627451,0.011730456231540511,1.0213818272210407,1.3481083826475664,False,369.32912151629745
pair_041,4,318.0,496.0,10.0,-1.5,0.8523708581924438,0.9950758218765259,0.9237233400344849,0.9803921568627451,0.025832071527714034,1.0201665253114356,1.3250240539299947,False,144.0
pair_041,5,174.0,226.0,10.25,0.0,0.8860523402690887,0.9950758218765259,0.9405640810728073,0.9803921568627451,0.011730456231540511,1.0213818272210407,1.3391660021000429,False,394.7708195903036
pair_042,1,486.0,161.0,10.0,0.0,0.9482166767120361,0.9802665114402771,0.9642415940761566,0.9091421581815589,0.01657791233065389,0.9466045176782937,1.3349602757645844,False,144.0
pair_042,2,540.0,161.0,10.0,1.0,0.8736036717891693,0.9802665114402771,0.9269350916147232,0.9091421581815589,0.024250503336143536,0.9466045176782937,1.299188291504249,False,153.79206741571556
pair_042,3,450.0,161.0,10.0,-1.0,0.8735283315181732,0.9802665114402771,0.9268974214792252,0.9091421581815589,0.021722600925338648,0.9466045176782937,1.29864504088659,False,148.43180252223578
pair_042,4,540.0,161.0,10.25,0.0,0.8527077436447144,0.9802665114402771,0.9164871275424957,0.9091421581815589,0.024250503336143536,0.9466045176782937,1.2887403274320215,False,153.79206741571556
pair_042,5,594.0,305.0,10.0,-1.5,0.8181930184364319,0.9802665114402771,0.8992297649383545,0.9091421581815589,0.021955274135219117,0.9573431325885051,1.2720977804787164,False,108.0
pair_043,1,465.0,638.0,10.0,0.0,0.973709225654602,0.9938112497329712,0.9837602376937866,0.9803921568627451,0.007375859191606465,0.9893449029662124,1.3782875468875524,False,160.99689437998487
pair_043,2,465.0,638.0,10.0,-1.0,0.9371497631072998,0.9938112497329712,0.9654805064201355,0.9803921568627451,0.007375859191606465,0.9893449029662124,1.3600078156139013,False,160.99689437998487
pair_043,3,609.0,638.0,10.0,1.0,0.9369611144065857,0.9938112497329712,0.9653861820697784,0.9803921568627451,0.006230592065235739,0.9893449029662124,1.3596844378382702,False,160.99689437998487
pair_043,4,537.0,638.0,10.25,0.0,0.9301860928535461,0.9938112497329712,0.9619986712932587,0.9803921568627451,0.005864531595520704,0.9893449029662124,1.3562237149678074,False,144.0
pair_043,5,465.0,656.0,10.25,-1.0,0.9153591990470886,0.9938112497329712,0.9545852243900299,0.9803921568627451,0.0084623621359681,0.9899601435358991,1.3493913582296369,False,177.2794404323299
pair_044,1,248.0,307.0,10.0,0.0,0.9433179199695587,0.9896390438079834,0.9664784818887711,0.9433962264150942,0.006251664334312403,0.9394314637624807,1.34469082905641,False,216.0
pair_044,2,392.0,451.0,10.0,-1.5,0.867682933807373,0.9896390438079834,0.9286609888076782,0.9433962264150942,0.010724312167558828,0.9394314637624807,1.3077678655419664,False,160.99689437998487
pair_044,3,176.0,307.0,10.0,-1.0,0.9027179777622223,0.9896390438079834,0.9461785107851028,0.9433962264150942,0.006251664334312403,0.9394314637624807,1.3243908579527417,False,288.0
pair_044,4,176.0,307.0,10.0,1.0,0.9025613069534302,0.9896390438079834,0.9461001753807068,0.9433962264150942,0.006251664334312403,0.9394314637624807,1.3243125225483456,False,288.0
pair_044,5,464.0,451.0,10.25,-1.5,0.8513264358043671,0.9896390438079834,0.9204827398061752,0.9433962264150942,0.008216649970434023,0.9394314637624807,1.2990880841010384,False,144.0
pair_045,1,517.0,524.0,10.0,2.5,0.9642313122749329,0.9475895762443542,0.9559104442596436,0.9259259259259258,0.009570497310026111,1.306923486761554,1.3662946701755818,True,0.0
pair_045,2,517.0,524.0,10.0,1.5,0.9579924643039703,0.9475895762443542,0.9527910202741623,0.9259259259259258,0.009570497310026111,1.306923486761554,1.3631752461901006,True,0.0
pair_045,3,517.0,524.0,10.0,1.0,0.9490864872932434,0.9475895762443542,0.9483380317687988,0.9259259259259258,0.009570497310026111,1.306923486761554,1.358722257684737,True,0.0
pair_045,4,517.0,524.0,10.0,3.5,0.9417007565498352,0.9475895762443542,0.9446451663970947,0.9259259259259258,0.009570497310026111,1.306923486761554,1.355029392313033,True,0.0
pair_045,5,517.5,523.5,9.75,2.5,0.9610545933246613,0.9132312536239624,0.9371429234743118,0.9259259259259258,0.00849441831676367,1.303907234882768,1.347010308403719,True,0.7071067811865476
pair_046,1,193.0,613.0,10.0,0.0,0.9293562769889832,0.9852677583694458,0.9573120176792145,0.9615384615384615,0.008516136852639095,0.9764783925842115,1.3451246227697018,False,433.49740483652266
pair_046,2,247.0,613.0,10.0,-1.0,0.8817248344421387,0.9852677583694458,0.9334962964057922,0.9615384615384615,0.008516136852639095,0.9764783925842115,1.3213089014962796,False,394.7708195903036
pair_046,3,229.0,613.0,10.0,1.0,0.8820101916790009,0.9852677583694458,0.9336389750242233,0.9615384615384615,0.008516136852639095,0.9764783925842115,1.3214515801147106,False,407.29350596345137
pair_046,4,661.0,325.0,10.0,1.5,0.8461610078811646,0.9852677583694458,0.9157143831253052,0.9615384615384615,0.00611545305790673,0.9764783925842115,1.303046851456846,False,144.0
pair_046,5,337.0,505.0,10.25,-1.0,0.8498010635375977,0.9647551774978638,0.9072781205177307,0.9615384615384615,0.008863117416091795,0.9754623419640245,1.2950585166588897,False,254.55844122715712
pair_047,1,97.0,145.0,10.0,0.0,0.9848668873310089,0.9967821836471558,0.9908245354890823,0.9259259259259258,0.0031624897066561135,1.0206036699960748,1.3712951782077987,False,577.9965397820301
pair_047,2,481.0,337.0,10.0,-1.5,0.8813284337520599,0.9967821836471558,0.9390553086996078,0.8928571428571428,0.004965460076494496,1.017745844946727,1.3096801280667223,False,197.9090700296477
pair_047,3,73.0,145.0,10.0,-1.0,0.9301238358020782,0.9967821836471558,0.963453009724617,1.0,0.02828359749063865,1.0133199066060425,1.370441719883349,False,596.1476327219626
pair_047,4,73.0,145.0,10.0,1.0,0.9300888776779175,0.9967821836471558,0.9634355306625366,1.0,0.02828359749063865,1.0133199066060425,1.3704242408212686,False,596.1476327219626
pair_047,5,433.0,337.0,10.25,-1.5,0.8699693083763123,0.9967821836471558,0.933375746011734,0.8928571428571428,0.004965460076494496,1.017745844946727,1.3040005653788485,False,214.66252583997982
pair_048,1,86.0,119.0,10.0,0.0,0.9856996238231659,0.9954511523246765,0.9905753880739212,0.9803921568627451,0.010399562320713956,1.01500915102652,1.3882738626995395,False,441.23463146040564
pair_048,2,494.0,287.0,10.25,4.0,0.9869639277458191,0.9163334965705872,0.9516487121582031,1.0,0.004249597648399393,0.9571578948917615,1.3482144211770593,True,0.0
pair_048,3,494.0,287.0,10.25,5.0,0.9818711280822754,0.9163334965705872,0.9491023123264313,1.0,0.004249597648399393,0.9571578948917615,1.3456680213452874,True,0.0
pair_048,4,494.0,287.0,10.25,3.5,0.9685631692409515,0.9163334965705872,0.9424483329057693,1.0,0.004249597648399393,0.9571578948917615,1.3390140419246255,True,0.0
pair_048,5,134.0,71.0,10.0,-1.0,0.9204961359500885,0.9954511523246765,0.9579736441373825,1.0,0.015055259188971467,0.9982451982134025,1.3608092157965173,False,419.82853642886164
pair_049,1,590.0,306.0,10.0,0.0,0.9833589792251587,0.9948552250862122,0.9891071021556854,0.9433962264150942,0.006363051279925324,1.0078725170882772,1.3741858320450264,False,206.3492185592182
pair_049,2,590.0,306.0,10.0,-1.0,0.931512713432312,0.9948552250862122,0.9631839692592621,0.9433962264150942,0.006363051279925324,1.0078725170882772,1.348262699148603,False,206.3492185592182
pair_049,3,590.0,306.0,10.0,1.0,0.931224912405014,0.9948552250862122,0.9630400687456131,0.9433962264150942,0.006363051279925324,1.0078725170882772,1.348118798634954,False,206.3492185592182
pair_049,4,590.0,306.0,10.25,0.0,0.9194163382053375,0.9948552250862122,0.9571357816457748,0.9433962264150942,0.006363051279925324,1.0078725170882772,1.3422145115351158,False,206.3492185592182
pair_049,5,590.0,306.0,10.25,1.0,0.8993204534053802,0.9948552250862122,0.9470878392457962,0.9433962264150942,0.006363051279925324,1.0078725170882772,1.3321665691351372,False,206.3492185592182
pair_050,1,544.0,872.0,10.0,0.0,0.9841707944869995,0.9958091378211975,0.9899899661540985,0.9579112955847655,0.11554725193240163,0.9983628097789344,1.400309086193902,False,578.013840664737
pair_050,2,544.0,872.0,10.0,-1.0,0.9340742826461792,0.9958091378211975,0.9649417102336884,0.9579112955847655,0.11554725193240163,0.9983628097789344,1.3752608302734919,False,578.013840664737
pair_050,3,544.0,872.0,10.0,1.0,0.9335892498493195,0.9958091378211975,0.9646991938352585,0.9579112955847655,0.11554725193240163,0.9983628097789344,1.375018313875062,False,578.013840664737
pair_050,4,362.0,470.0,10.0,-1.5,0.8837010562419891,0.9961838126182556,0.9399424344301224,1.0,0.0073339968424645,0.9947689561438184,1.3408861294129972,False,206.3492185592182
pair_050,5,544.0,872.0,10.25,0.0,0.9112932980060577,0.9958091378211975,0.9535512179136276,0.9579112955847655,0.11554725193240163,0.9983628097789344,1.3638703379534312,False,578.013840664737
pair_051,1,619.0,71.0,10.0,0.0,0.9606438279151917,0.9897871613502502,0.975215494632721,1.0,0.019357093098456426,1.0180706906801118,1.3808939823204236,False,432.6661530556787
pair_051,2,619.0,71.0,10.0,1.0,0.8932648003101349,0.9897871613502502,0.9415259808301926,1.0,0.019357093098456426,1.0180706906801118,1.3472044685178952,False,432.6661530556787
pair_051,3,619.0,71.0,10.0,-1.0,0.8920447528362274,0.9897871613502502,0.9409159570932388,1.0,0.019357093098456426,1.0180706906801118,1.3465944447809415,False,432.6661530556787
pair_051,4,475.0,479.0,10.25,1.5,0.9544267356395721,0.8622671961784363,0.9083469659090042,0.9579112955847655,0.015124829718174094,1.0512452442778182,1.3038698449558506,True,0.0
pair_051,5,379.0,479.0,10.0,-1.5,0.8380136787891388,0.9863627552986145,0.9121882170438766,1.0,0.037856697080591376,1.0205067098870142,1.3218102274486965,False,96.0
pair_052,1,909.0,144.0,10.0,0.0,0.9599233269691467,0.9870659112930298,0.9734946191310883,1.0,0.009651705453572216,1.0194656540185532,1.377371525623658,False,429.32505167995964
pair_052,2,525.0,528.0,10.0,1.5,0.8459165990352631,0.986814558506012,0.9163655787706375,0.9615384615384615,0.018355170712155696,1.02920346292132,1.311418497666739,False,192.0
pair_052,3,525.0,528.0,10.25,1.5,0.8313206434249878,0.986814558506012,0.9090676009654999,0.9615384615384615,0.018355170712155696,1.02920346292132,1.3041205198616013,False,192.0
pair_052,4,909.0,144.0,10.0,-1.0,0.8972423672676086,0.9870659112930298,0.9421541392803192,1.0,0.009651705453572216,1.0194656540185532,1.346031045772889,False,429.32505167995964
pair_052,5,909.0,144.0,10.0,1.0,0.8970757722854614,0.9870659112930298,0.9420708417892456,1.0,0.009651705453572216,1.0194656540185532,1.3459477482818154,False,429.32505167995964
pair_053,1,490.0,845.0,10.0,0.0,0.9761040806770325,0.9975988864898682,0.9868514835834503,1.0,0.08298357992755391,1.0071767838430103,1.4041658779532622,False,386.98837191833036
pair_053,2,538.0,845.0,10.0,1.0,0.8951742053031921,0.9975988864898682,0.9463865458965302,1.0,0.09299532695822041,1.0071767838430103,1.3657032896724755,False,384.0
pair_053,3,442.0,845.0,10.0,-1.0,0.8952252268791199,0.9975988864898682,0.946412056684494,1.0,0.07923624869051844,1.0071767838430103,1.3629769848068989,False,395.8181400592954
pair_053,4,490.0,845.0,10.25,0.0,0.8837109506130219,0.9975988864898682,0.940654918551445,1.0,0.08298357992755391,1.0071767838430103,1.3579693129212569,False,386.98837191833036
pair_053,5,490.0,845.0,10.25,-1.0,0.8553252816200256,0.9975988864898682,0.9264620840549469,1.0,0.08298357992755391,1.0071767838430103,1.3437764784247588,False,386.98837191833036
pair_054,1,82.0,144.0,10.0,0.0,0.9832898676395416,0.999076783657074,0.9911833256483078,1.0,0.004759505246998269,0.9378129627854681,1.3859165229762542,False,429.32505167995964
pair_054,2,130.0,144.0,10.0,-1.0,0.918470948934555,0.999076783657074,0.9587738662958145,1.0,0.002506337526137605,1.0247540654033307,1.3617505403413752,False,386.98837191833036
pair_054,3,82.0,144.0,10.0,1.0,0.9185246825218201,0.999076783657074,0.958800733089447,1.0,0.004759505246998269,0.9378129627854681,1.3535339304173934,False,429.32505167995964
pair_054,4,130.0,144.0,10.25,0.0,0.8951830267906189,0.999076783657074,0.9471299052238464,1.0,0.002506337526137605,1.0247540654033307,1.3501065792694071,False,386.98837191833036
pair_054,5,514.0,144.0,10.0,1.5,0.8618168532848358,0.999076783657074,0.9304468184709549,0.9803921568627451,0.0136428782413098,1.0117663033810564,1.328469671516146,False,197.9090700296477
pair_055,1,64.0,115.0,10.0,0.0,0.9656908512115479,0.9913619160652161,0.978526383638382,0.9803921568627451,0.017840064787651797,0.9346846970720252,1.3696805133619383,False,588.1666430528002
pair_055,2,64.0,115.0,10.0,-1.0,0.8891110420227051,0.9913619160652161,0.9402364790439606,0.9803921568627451,0.017840064787651797,0.9346846970720252,1.331390608767517,False,588.1666430528002
pair_055,3,64.0,59.0,10.0,1.0,0.8894136548042297,0.9913619160652161,0.9403877854347229,0.9803921568627451,0.02462860489295448,1.0268056144783333,1.3421117149199704,False,624.3748873873773
pair_055,4,372.0,479.0,10.0,1.5,0.8165396451950073,0.9913619160652161,0.9039507806301117,1.0,0.016471398526202632,1.0068338310988911,1.3079284434452414,False,154.0
pair_055,5,108.0,87.0,10.25,0.0,0.8624547123908997,0.9913619160652161,0.9269083142280579,1.0,0.04736142881460745,1.024192328791409,1.3387998328701203,False,573.0514811079368
pair_056,1,768.0,69.0,10.0,0.0,0.9665306508541107,0.9863705039024353,0.976450577378273,1.0,0.05182690927183238,1.0119925480396832,1.388015214036608,False,346.22536013411843
pair_056,2,900.0,97.0,10.0,1.0,0.8842853605747223,0.9863705039024353,0.9353279322385788,1.0,0.041804120410581194,1.0524702228701022,1.3489357786077054,False,441.8506535018365
pair_056,3,900.0,69.0,10.0,-1.0,0.8842774033546448,0.9863705039024353,0.93532395362854,1.0,0.04601185100017991,1.011715329512477,1.3456978567798237,False,454.9637348185018
pair_056,4,768.0,69.0,10.25,0.0,0.8608777225017548,0.9863705039024353,0.923624113202095,1.0,0.05182690927183238,1.0119925480396832,1.33518874986043,False,346.22536013411843
pair_056,5,636.0,265.0,10.0,-1.5,0.8075348138809204,0.9863705039024353,0.8969526588916779,0.9803921568627451,0.032451939042738354,0.9579369182837972,1.2933543855874285,False,134.937022347464
pair_057,1,481.0,84.0,10.0,0.0,0.9814727306365967,0.997779905796051,0.9896263182163239,1.0,0.0395725763391324,1.021603283228794,1.3997011618070296,False,384.0
pair_057,2,481.0,467.0,10.25,-2.5,0.9658429622650146,0.9241206645965576,0.9449818134307861,0.9579112955847655,0.0358768720909941,1.0451685357858986,1.3440474301030045,True,1.0
pair_057,3,481.0,84.0,10.0,-1.0,0.9395299851894379,0.997779905796051,0.9686549454927444,1.0,0.0395725763391324,1.021603283228794,1.3787297890834502,False,384.0
pair_057,4,481.0,84.0,10.0,1.0,0.9393399357795715,0.997779905796051,0.9685599207878113,1.0,0.0395725763391324,1.021603283228794,1.378634764378517,False,384.0
pair_057,5,481.0,84.0,10.25,0.0,0.9351104497909546,0.997779905796051,0.9664451777935028,1.0,0.0395725763391324,1.021603283228794,1.3765200213842086,False,384.0
pair_058,1,536.0,153.0,10.0,0.0,0.9669275879859924,0.9847093820571899,0.9758184850215912,1.0,0.030129462327149303,0.9876127194065698,1.3806056494276782,False,192.0
pair_058,2,536.0,153.0,10.0,-1.0,0.9313413798809052,0.9847093820571899,0.9580253809690475,1.0,0.030129462327149303,0.9876127194065698,1.3628125453751345,False,192.0
pair_058,3,536.0,153.0,10.0,1.0,0.9311707615852356,0.9847093820571899,0.9579400718212128,1.0,0.030129462327149303,0.9876127194065698,1.3627272362272997,False,192.0
pair_058,4,536.0,153.0,10.25,0.0,0.9066562056541443,0.9847093820571899,0.9456827938556671,1.0,0.030129462327149303,0.9876127194065698,1.350469958261754,False,192.0
pair_058,5,536.0,153.0,10.25,1.0,0.9005790650844574,0.9847093820571899,0.9426442235708237,1.0,0.030129462327149303,0.9876127194065698,1.3474313879769106,False,192.0
pair_059,1,477.0,101.0,10.0,0.0,0.9605604708194733,0.9960238933563232,0.9782921820878983,0.9803921568627451,0.014225049550525247,0.9904776807335155,1.374302607130178,False,384.0
pair_059,2,477.0,69.0,10.0,-1.0,0.8903288245201111,0.9960238933563232,0.9431763589382172,0.9803921568627451,0.02850914177501509,0.9878720189643361,1.341783036248477,False,416.0
pair_059,3,477.0,69.0,10.0,1.0,0.8902938067913055,0.9960238933563232,0.9431588500738144,0.9803921568627451,0.02850914177501509,0.9878720189643361,1.3417655273840743,False,416.0
pair_059,4,349.0,517.0,10.0,1.5,0.8358362913131714,0.9960238933563232,0.9159300923347473,1.0,0.013719155987263726,0.9782609886472434,1.3165000223969245,False,131.93938001976514
pair_059,5,701.0,453.0,10.0,-1.5,0.8358537554740906,0.9960238933563232,0.9159388244152069,1.0,0.004326588991927377,0.981034487625799,1.3149075909761723,False,226.27416997969522
pair_060,1,864.0,103.0,10.0,0.0,0.9550837278366089,0.9954460859298706,0.9752649068832397,1.0,0.005493597030361361,0.9796749419624404,1.3743311204855562,False,417.22895393296955
pair_060,2,832.0,71.0,10.0,1.0,0.8831562697887421,0.9954460859298706,0.9393011778593063,0.9803921568627451,0.031658636954464074,0.9687448820762654,1.3366250405166489,False,409.7999511957023
pair_060,3,832.0,71.0,10.0,-1.0,0.8830126225948334,0.9954460859298706,0.939229354262352,0.9803921568627451,0.031658636954464074,0.9687448820762654,1.3365532169196945,False,409.7999511957023
pair_060,4,832.0,103.0,10.25,0.0,0.8672900795936584,0.9954460859298706,0.9313680827617645,1.0,0.008428330310762245,1.0035025976627652,1.3334040085901935,False,390.60977970347847
pair_060,5,384.0,263.0,10.0,-1.5,0.8282947242259979,0.9954460859298706,0.9118704050779343,0.9579112955847655,0.040467225910256845,0.9823684793527698,1.3055740868706924,False,143.10835055998655
pair_061,1,675.5,316.5,10.75,2.5,0.9832460582256317,0.8733835816383362,0.928314819931984,0.9727626463656123,0.07988484492389888,0.657904070958204,1.3019109899222678,True,0.7071067811865476
pair_061,2,676.5,316.5,10.75,1.5,0.9786359071731567,0.8733835816383362,0.9260097444057465,0.9727626463656123,0.07988484492389888,0.657904070958204,1.2996059143960303,True,0.7071067811865476
pair_061,3,675.5,316.5,10.75,3.5,0.9762790501117706,0.8733835816383362,0.9248313158750534,0.9727626463656123,0.07988484492389888,0.657904070958204,1.2984274858653373,True,0.7071067811865476
pair_061,4,676.5,316.5,10.75,1.0,0.9753936231136322,0.8733835816383362,0.9243886023759842,0.9727626463656123,0.07988484492389888,0.657904070958204,1.297984772366268,True,0.7071067811865476
pair_061,5,675.5,316.5,10.75,4.0,0.9696963429450989,0.8733835816383362,0.9215399622917175,0.9727626463656123,0.07988484492389888,0.657904070958204,1.2951361322820014,True,0.7071067811865476
pair_062,1,687.5,369.5,11.25,5.0,0.9493333101272583,0.8826318979263306,0.9159826040267944,0.9803921568627451,0.06521874748267865,1.0701867469062296,1.3301626752727764,True,0.7071067811865476
pair_062,2,687.5,369.5,11.0,5.0,0.9441814124584198,0.8826318979263306,0.9134066551923752,0.9803921568627451,0.06521874748267865,1.0701867469062296,1.3275867264383572,True,0.7071067811865476
pair_062,3,686.5,369.5,11.0,3.5,0.9615356028079987,0.8556252717971802,0.9085804373025894,1.0,0.06551425451339736,1.0637589783981387,1.3280591860450828,True,0.7071067811865476
pair_062,4,686.5,369.5,11.0,4.0,0.9611504971981049,0.8556252717971802,0.9083878844976425,1.0,0.06551425451339736,1.0637589783981387,1.3278666332401359,True,0.7071067811865476
pair_062,5,686.5,369.5,11.0,2.5,0.9443539381027222,0.8556252717971802,0.8999896049499512,1.0,0.06551425451339736,1.0637589783981387,1.3194683536924445,True,0.7071067811865476
pair_063,1,468.0,529.0,10.25,1.0,0.9460935294628143,0.9491986036300659,0.9476460665464401,0.9615384615384615,0.006141168203800084,0.9723703528312111,1.3345728739318596,True,0.0
pair_063,2,468.0,529.0,10.0,1.0,0.9380894601345062,0.9491986036300659,0.9436440318822861,0.9615384615384615,0.006141168203800084,0.9723703528312111,1.3305708392677056,True,0.0
pair_063,3,468.0,529.0,10.25,1.5,0.9301087856292725,0.9491986036300659,0.9396536946296692,0.9615384615384615,0.006141168203800084,0.9723703528312111,1.3265805020150887,True,0.0
pair_063,4,468.0,529.0,10.25,0.0,0.9109175503253937,0.9491986036300659,0.9300580769777298,0.9615384615384615,0.006141168203800084,0.9723703528312111,1.3169848843631493,True,0.0
pair_063,5,468.0,529.0,10.0,1.5,0.9094258248806,0.9491986036300659,0.929312214255333,0.9615384615384615,0.006141168203800084,0.9723703528312111,1.3162390216407525,True,0.0
pair_064,1,357.0,304.0,10.0,0.0,0.9382977485656738,0.9371910095214844,0.9377443790435791,0.9803921568627451,0.0007836125215508071,1.0557092207271874,1.3375896706794315,False,350.0
pair_064,2,357.0,304.0,10.0,-1.0,0.8022824823856354,0.9371910095214844,0.8697367459535599,0.9803921568627451,0.0007836125215508071,1.0557092207271874,1.2695820375894122,False,350.0
pair_064,3,357.0,304.0,10.0,1.0,0.8022715449333191,0.9371910095214844,0.8697312772274017,0.9803921568627451,0.0007836125215508071,1.0557092207271874,1.269576568863254,False,350.0
pair_064,4,357.0,374.0,10.25,0.0,0.785165399312973,0.9371910095214844,0.8611782044172287,0.9803921568627451,0.0007836125215508071,1.0557092207271874,1.261023496053081,False,280.0
pair_064,5,357.0,304.0,10.25,-1.0,0.7553338706493378,0.9371910095214844,0.8462624400854111,0.9803921568627451,0.0007836125215508071,1.0557092207271874,1.2461077317212634,False,350.0
pair_065,1,551.0,110.0,10.0,0.0,0.9568194448947906,0.9945737719535828,0.9756966084241867,0.9259259259259258,0.013808989999454215,1.0075791478701108,1.3569940989888662,False,353.5533905932738
pair_065,2,501.0,110.0,10.0,-1.0,0.8366757333278656,0.9945737719535828,0.9156247526407242,0.9259259259259258,0.013808989999454215,1.0075791478701108,1.2969222432054037,False,350.0
pair_065,3,501.0,60.0,10.0,1.0,0.8366747796535492,0.9945737719535828,0.915624275803566,0.9225619934101733,0.029941043377795917,0.897076104278323,1.2880886929300095,False,400.0
pair_065,4,501.0,60.0,10.25,0.0,0.8022501170635223,0.9945737719535828,0.8984119445085526,0.9225619934101733,0.029941043377795917,0.897076104278323,1.270876361634996,False,400.0
pair_065,5,601.0,410.0,10.25,1.5,0.7322654277086258,0.9943345189094543,0.8632999733090401,0.9259259259259258,0.03976163958889859,1.0076341303533805,1.2497934920399356,False,111.80339887498948
pair_066,1,670.0,52.0,10.0,0.0,0.958965539932251,0.994927704334259,0.976946622133255,0.9259259259259258,0.01303452674915122,0.913212121117011,1.348652517372564,False,738.24115301167
pair_066,2,620.0,52.0,10.0,1.0,0.8401892185211182,0.994927704334259,0.9175584614276886,0.9259259259259258,0.01303452674915122,0.913212121117011,1.2892643566669977,False,715.8910531638177
pair_066,3,620.0,52.0,10.0,-1.0,0.8400182127952576,0.994927704334259,0.9174729585647583,0.9259259259259258,0.01303452674915122,0.913212121117011,1.2891788538040674,False,715.8910531638177
pair_066,4,670.0,52.0,10.25,0.0,0.8091700375080109,0.994927704334259,0.902048870921135,0.9259259259259258,0.01303452674915122,0.913212121117011,1.273754766160444,False,738.24115301167
pair_066,5,670.0,52.0,10.25,-1.0,0.7753809690475464,0.994927704334259,0.8851543366909027,0.9259259259259258,0.01303452674915122,0.913212121117011,1.2568602319302118,False,738.24115301167
pair_067,1,519.5,468.5,9.75,4.0,0.9327689707279205,0.8506720066070557,0.8917204886674881,0.9615384615384615,0.01010574338098376,1.0191245400982458,1.2841156298150478,True,0.7071067811865476
pair_067,2,520.5,468.5,9.75,3.5,0.9229897856712341,0.8506720066070557,0.8868308961391449,0.9615384615384615,0.01010574338098376,1.0191245400982458,1.2792260372867046,True,0.7071067811865476
pair_067,3,520.5,468.5,9.75,5.0,0.9216258227825165,0.8506720066070557,0.8861489146947861,0.9615384615384615,0.01010574338098376,1.0191245400982458,1.2785440558423458,True,0.7071067811865476
pair_067,4,520.0,469.0,10.0,4.0,0.949365645647049,0.8048397898674011,0.877102717757225,0.946969697824906,0.010013543930950598,1.0309632337407744,1.2662926592649641,True,0.0
pair_067,5,520.0,469.0,10.25,4.0,0.9401170611381531,0.8048397898674011,0.8724784255027771,0.946969697824906,0.010013543930950598,1.0309632337407744,1.2616683670105162,True,0.0
pair_068,1,462.0,652.0,10.0,0.0,0.921297013759613,0.9399154186248779,0.9306062161922455,1.0,0.0061430867914504675,1.1716487035746843,1.348999703908004,False,140.0
pair_068,2,462.0,652.0,10.25,0.0,0.8523381054401398,0.9399154186248779,0.8961267620325089,1.0,0.0061430867914504675,1.1716487035746843,1.3145202497482673,False,140.0
pair_068,3,532.5,651.5,9.75,0.0,0.7907528281211853,0.9399154186248779,0.8653341233730316,1.0,0.01897141526087888,1.1716487035746843,1.2862932767826758,False,210.50059382339043
pair_068,4,462.0,652.0,10.0,-1.0,0.7894991636276245,0.9399154186248779,0.8647072911262512,1.0,0.0061430867914504675,1.1716487035746843,1.2831007788420097,False,140.0
pair_068,5,462.0,652.0,10.0,1.0,0.7889856100082397,0.9399154186248779,0.8644505143165588,1.0,0.0061430867914504675,1.1716487035746843,1.2828440020323173,False,140.0
pair_069,1,118.0,64.0,10.0,0.0,1.0,0.9999998211860657,0.9999999105930328,1.0,0.06851086932982119,1.018956357252291,1.4155977201842262,False,512.2499389946279
pair_069,2,518.0,504.0,10.0,1.5,0.9153690934181213,0.994387149810791,0.9548781216144562,0.9615384615384615,0.019907255340468083,1.0230553306787629,1.3496266442119644,False,89.44271909999159
pair_069,3,438.0,504.0,10.0,-1.5,0.9281666278839111,0.9614636301994324,0.9448151290416718,0.9615384615384615,0.02036746613626383,0.9609183812097218,1.333441998851435,False,40.0
pair_069,4,478.0,504.0,10.25,1.5,0.9044492244720459,0.9795271158218384,0.9419881701469421,0.9803921568627451,0.01959678590602284,0.9631229277809216,1.3363374671650623,False,56.568542494923804
pair_069,5,118.0,64.0,10.0,-1.0,0.9527361392974854,0.9999998211860657,0.9763679802417755,1.0,0.06851086932982119,1.018956357252291,1.391965789832969,False,512.2499389946279
pair_070,1,107.0,529.0,10.0,0.0,0.9185374677181244,0.9832959771156311,0.9509167224168777,0.9192224150652274,0.040833773780249466,0.9874060598995499,1.333590807682451,False,282.842712474619
pair_070,2,147.0,569.0,10.25,0.0,0.8626002073287964,0.9832959771156311,0.9229480922222137,0.9615384615384615,0.0593524105673612,1.0120227283733043,1.324482385634555,False,240.0
pair_070,3,147.0,609.0,10.0,1.0,0.8619067072868347,0.9832959771156311,0.9226013422012329,0.9615384615384615,0.0593524105673612,1.0120227283733043,1.324135635613574,False,243.3105012119288
pair_070,4,107.0,529.0,10.0,-1.0,0.8620043992996216,0.9832959771156311,0.9226501882076263,0.9192224150652274,0.040833773780249466,0.9874060598995499,1.3053242734731996,False,282.842712474619
pair_070,5,227.0,529.0,10.25,-1.0,0.8399483561515808,0.9832959771156311,0.911622166633606,0.9615384615384615,0.05733274058435949,1.0397788214505403,1.3155281353570702,False,164.92422502470643
pair_071,1,494.0,509.0,10.25,-4.0,0.9047726392745972,0.6735273003578186,0.7891499698162079,0.9803921568627451,0.009457761356855355,0.343185917582364,1.119477760904639,True,1.4142135623730951
pair_071,2,494.0,509.0,10.25,-5.0,0.9037462472915649,0.6735273003578186,0.7886367738246918,0.9803921568627451,0.009457761356855355,0.343185917582364,1.1189645649131228,True,1.4142135623730951
pair_071,3,493.5,507.5,10.75,-3.5,0.943257749080658,0.6049801111221313,0.7741189301013947,0.9803921568627451,0.008841008125989747,0.36589477937814474,1.1065942567232303,True,2.5495097567963922
pair_071,4,493.5,507.5,10.75,-4.0,0.9410204887390137,0.6049801111221313,0.7730002999305725,0.9803921568627451,0.008841008125989747,0.36589477937814474,1.1054756265524082,True,2.5495097567963922
pair_071,5,493.5,507.5,10.75,-2.5,0.929376631975174,0.6049801111221313,0.7671783715486526,0.9803921568627451,0.008841008125989747,0.36589477937814474,1.0996536981704883,True,2.5495097567963922
pair_072,1,536.0,849.0,10.0,-3.5,0.7370999902486801,0.8546625971794128,0.7958812937140465,0.9225619934101733,0.17813996119743464,0.30983108259881065,1.1392609922364665,False,522.0239458109178
pair_072,2,536.0,848.0,10.0,-1.5,0.7501021027565002,0.8235377073287964,0.7868199050426483,0.9192224150652274,0.1767730628172931,0.3114940492952579,1.129090647055201,False,521.0239917700527
pair_072,3,536.0,848.0,10.0,-2.5,0.7467020750045776,0.8235377073287964,0.785119891166687,0.9192224150652274,0.1767730628172931,0.3114940492952579,1.1273906331792396,False,521.0239917700527
pair_072,4,537.0,849.0,10.25,-2.5,0.7620270550251007,0.5260974168777466,0.6440622359514236,0.905847975136798,0.1778261143405287,0.3092913379309187,0.9823109851536607,False,522.0344816197489
pair_072,5,537.0,849.0,10.25,-3.5,0.7520387768745422,0.5260974168777466,0.6390680968761444,0.905847975136798,0.1778261143405287,0.3092913379309187,0.9773168460783814,False,522.0344816197489
pair_073,1,496.0,731.0,10.25,-2.5,0.8798970282077789,0.7352343201637268,0.8075656741857529,0.9803921568627451,0.05396263895048706,0.7547767755993562,1.187953526594609,False,22.02271554554524
pair_073,2,496.0,731.0,10.25,-1.5,0.8782267868518829,0.7352343201637268,0.8067305535078049,0.9803921568627451,0.05396263895048706,0.7547767755993562,1.187118405916661,False,22.02271554554524
pair_073,3,495.0,731.0,10.25,-3.5,0.8786769807338715,0.7247858047485352,0.8017313927412033,0.9803921568627451,0.053009003018660544,0.7550562027372987,1.1819564606774886,False,22.090722034374522
pair_073,4,495.0,731.0,10.25,-4.0,0.8778743743896484,0.7247858047485352,0.8013300895690918,0.9803921568627451,0.053009003018660544,0.7550562027372987,1.181555157505377,False,22.090722034374522
pair_073,5,495.0,731.0,10.25,-5.0,0.8741210103034973,0.7247858047485352,0.7994534075260162,0.9803921568627451,0.053009003018660544,0.7550562027372987,1.1796784754623015,False,22.090722034374522
pair_074,1,300.5,457.5,9.75,4.0,0.8434531688690186,0.6904609203338623,0.7669570446014404,0.9803921568627451,0.008795543147998762,0.9828106836549643,1.16111486865536,False,21.965882636488796
pair_074,2,300.5,457.5,9.75,3.5,0.8432471752166748,0.6904609203338623,0.7668540477752686,0.9803921568627451,0.008795543147998762,0.9828106836549643,1.1610118718291882,False,21.965882636488796
pair_074,3,300.5,457.5,9.75,2.5,0.842679351568222,0.6904609203338623,0.7665701359510422,0.9803921568627451,0.008795543147998762,0.9828106836549643,1.1607279600049618,False,21.965882636488796
pair_074,4,300.5,457.5,9.75,1.5,0.8424492478370667,0.6904609203338623,0.7664550840854645,0.9803921568627451,0.008795543147998762,0.9828106836549643,1.1606129081393841,False,21.965882636488796
pair_074,5,300.0,457.0,10.0,4.0,0.8174145817756653,0.6740931868553162,0.7457538843154907,1.0,0.007898414177039468,0.977158311228685,1.1450493982737673,False,22.561028345356956
pair_075,1,479.5,406.5,9.75,-4.0,0.9261564910411835,0.757091760635376,0.8416241258382797,0.856255290575977,0.010888868483260023,1.8063942826639412,1.281317914974119,False,18.34393632784414
pair_075,2,480.5,406.5,9.75,-5.0,0.9259389042854309,0.757091760635376,0.8415153324604034,0.856255290575977,0.010888868483260023,1.8063942826639412,1.2812091215962427,False,18.66815470259447
pair_075,3,480.0,406.0,10.0,-5.0,0.9056468307971954,0.757091760635376,0.8313692957162857,0.856255290575977,0.010888868483260023,1.8063942826639412,1.271063084852125,False,18.027756377319946
pair_075,4,479.0,406.0,10.25,-4.0,0.917592465877533,0.7341604828834534,0.8258764743804932,0.8711742416444078,0.011739709333667766,1.8610196088841007,1.2756786496289592,False,17.72004514666935
pair_075,5,479.0,406.0,10.0,-4.0,0.9052444994449615,0.7341604828834534,0.8197024911642075,0.8711742416444078,0.011739709333667766,1.8610196088841007,1.2695046664126735,False,17.72004514666935
pair_076,1,342.0,499.0,10.25,2.5,0.8948395252227783,0.8050253391265869,0.8499324321746826,0.9091421581815589,0.009935258702276907,0.43263260118471863,1.1679253914880776,False,15.033296378372908
pair_076,2,342.0,499.0,10.25,3.5,0.8933099806308746,0.8050253391265869,0.8491676598787308,0.9091421581815589,0.009935258702276907,0.43263260118471863,1.1671606191921258,False,15.033296378372908
pair_076,3,342.0,499.0,10.25,1.5,0.887737512588501,0.8050253391265869,0.846381425857544,0.9091421581815589,0.009935258702276907,0.43263260118471863,1.164374385170939,False,15.033296378372908
pair_076,4,341.0,499.0,10.25,4.0,0.894157201051712,0.798404335975647,0.8462807685136795,0.9225092283386471,0.01007425512077603,0.3934155885765222,1.1643899468970809,True,14.035668847618199
pair_076,5,342.0,499.0,10.0,2.5,0.8747451603412628,0.8050253391265869,0.8398852497339249,0.9091421581815589,0.009935258702276907,0.43263260118471863,1.1578782090473199,False,15.033296378372908
pair_077,1,461.0,287.0,10.25,3.5,0.7381691336631775,0.6396022439002991,0.6888856887817383,0.9803921568627451,0.01174240300983493,2.1201093416058328,1.1973627506031121,True,1.4142135623730951
pair_077,2,459.5,287.5,9.75,5.0,0.7484813034534454,0.6187271475791931,0.6836042255163193,1.0,0.01079088717650507,2.120537666660049,1.1978161696176253,True,0.7071067811865476
pair_077,3,458.0,288.0,9.25,2.5,0.7705741226673126,0.5877776145935059,0.6791758686304092,0.9803921568627451,0.01083304692879917,2.1436963393228115,1.1898297590072737,True,2.0
pair_077,4,457.5,288.5,9.0,1.5,0.769532710313797,0.5877776145935059,0.6786551624536514,0.9803921568627451,0.01083304692879917,2.1436963393228115,1.189309052830516,True,2.5495097567963922
pair_077,5,457.0,288.0,9.25,1.0,0.7713568210601807,0.585909903049469,0.6786333620548248,0.9727626463656123,0.010494514907010187,2.163655070787871,1.1889265660246977,True,3.0
pair_078,1,486.5,540.5,8.0,2.5,0.7123224288225174,0.5866749882698059,0.6494987085461617,0.9803921568627451,0.009244005554880294,1.6440543658884332,1.1098705933048045,True,7.516648189186454
pair_078,2,484.5,539.5,9.75,-4.0,0.7246903628110886,0.524032711982727,0.6243615373969078,0.9579112955847655,0.008457289536220332,1.6401832093409339,1.077444704913675,True,6.96419413859206
pair_078,3,486.0,537.0,9.25,-2.5,0.7716408967971802,0.3624497950077057,0.5670453459024429,0.946969697824906,0.00989727721526696,1.620150167635069,1.015130727456475,True,4.123105625617661
pair_078,4,486.0,537.0,9.25,-4.0,0.7706076204776764,0.3624497950077057,0.566528707742691,0.946969697824906,0.00989727721526696,1.620150167635069,1.014614089296723,True,4.123105625617661
pair_078,5,486.0,537.0,9.25,-1.5,0.7700625061988831,0.3624497950077057,0.5662561506032944,0.946969697824906,0.00989727721526696,1.620150167635069,1.0143415321573264,True,4.123105625617661
pair_079,1,502.5,524.5,9.0,-1.5,0.7381533682346344,0.5066694617271423,0.6224114149808884,1.0,0.006409639581066983,2.422024845072417,1.1658958274043436,True,2.5495097567963922
pair_079,2,502.5,524.5,9.0,-1.0,0.737048014998436,0.5066694617271423,0.6218587383627892,1.0,0.006409639581066983,2.422024845072417,1.1653431507862444,True,2.5495097567963922
pair_079,3,502.5,523.5,9.75,-4.0,0.7204599380493164,0.5066694617271423,0.6135646998882294,1.0,0.006409639581066983,2.422024845072417,1.1570491123116846,True,1.5811388300841898
pair_079,4,502.5,524.5,9.0,0.0,0.719850167632103,0.5066694617271423,0.6132598146796227,1.0,0.006409639581066983,2.422024845072417,1.156744227103078,True,2.5495097567963922
pair_079,5,502.5,524.5,9.75,-2.5,0.7183369100093842,0.5066694617271423,0.6125031858682632,1.0,0.006409639581066983,2.422024845072417,1.1559875982917185,True,2.5495097567963922
pair_080,1,490.5,317.5,12.0,-1.0,0.8261145353317261,0.5165844559669495,0.6713494956493378,0.9803921568627451,0.01645263696251043,1.846878851710269,1.1534455552716902,False,32.53459696999488
pair_080,2,490.5,317.5,12.0,1.0,0.8191861212253571,0.5165844559669495,0.6678852885961533,0.9803921568627451,0.01645263696251043,1.846878851710269,1.1499813482185057,False,32.53459696999488
pair_080,3,490.5,317.5,12.0,-1.5,0.8188264667987823,0.5165844559669495,0.6677054613828659,0.9803921568627451,0.01645263696251043,1.846878851710269,1.1498015210052184,False,32.53459696999488
pair_080,4,490.5,317.5,11.75,1.0,0.8091904520988464,0.5165844559669495,0.662887454032898,0.9803921568627451,0.01645263696251043,1.846878851710269,1.1449835136552504,False,32.53459696999488
pair_080,5,490.5,317.5,11.75,-1.0,0.8086899518966675,0.5165844559669495,0.6626372039318085,0.9803921568627451,0.01645263696251043,1.846878851710269,1.144733263554161,False,32.53459696999488
pair_081,1,572.0,526.0,10.25,-1.0,0.710271954536438,0.6979570388793945,0.7041144967079163,1.0,0.028413502269000662,0.9010376378369289,1.0999009609454093,False,78.00640999302557
pair_081,2,572.0,526.0,10.0,-2.5,0.7080104649066925,0.6979570388793945,0.7029837518930435,1.0,0.028413502269000662,0.9010376378369289,1.0987702161305366,False,78.00640999302557
pair_081,3,572.0,526.0,10.25,-1.5,0.7058495879173279,0.6979570388793945,0.7019033133983612,1.0,0.028413502269000662,0.9010376378369289,1.0976897776358543,False,78.00640999302557
pair_081,4,572.0,527.0,10.0,-1.0,0.7366685271263123,0.6408798694610596,0.6887741982936859,1.0,0.028226159937336764,0.9023389193582293,1.0846533222169763,False,78.02563681252464
pair_081,5,572.0,526.0,10.0,-3.5,0.6767285317182541,0.6979570388793945,0.6873427852988243,1.0,0.028413502269000662,0.9010376378369289,1.0831292495363174,False,78.00640999302557
pair_082,1,497.5,331.5,12.0,-3.5,0.6945080906152725,0.6454137563705444,0.6699609234929085,1.0,0.005336405152567697,1.4780800241072207,1.1188362069341442,False,22.638462845343543
pair_082,2,497.5,331.5,9.75,3.5,0.6856820732355118,0.6454137563705444,0.6655479148030281,1.0,0.005336405152567697,1.4780800241072207,1.1144231982442638,False,22.638462845343543
pair_082,3,497.5,330.5,9.75,-3.5,0.6762993037700653,0.6294776797294617,0.6528884917497635,1.0,0.008672645951389649,1.4920924541446798,1.1038322663545095,False,21.644860821913362
pair_082,4,495.5,331.5,10.75,1.0,0.9774759113788605,-0.1073036789894104,0.43508611619472504,1.0,0.00836286137387561,1.4940892782528903,0.8861676162947892,False,22.5055548698538
pair_082,5,495.5,331.5,10.75,0.0,0.9675034582614899,-0.1073036789894104,0.43009988963603973,1.0,0.00836286137387561,1.4940892782528903,0.8811813897361039,False,22.5055548698538
pair_083,1,521.5,502.5,12.0,1.0,0.816155344247818,0.49018096923828125,0.6531681567430496,0.9803921568627451,0.007657184260399278,2.646241308062789,1.213441371460232,True,4.527692569068709
pair_083,2,521.5,502.5,12.0,-1.0,0.8136363625526428,0.49018096923828125,0.651908665895462,0.9803921568627451,0.007657184260399278,2.646241308062789,1.2121818806126443,True,4.527692569068709
pair_083,3,521.5,502.5,12.0,1.5,0.8084118366241455,0.49018096923828125,0.6492964029312134,0.9803921568627451,0.007657184260399278,2.646241308062789,1.2095696176483957,True,4.527692569068709
pair_083,4,521.5,502.5,12.0,2.5,0.8059329986572266,0.49018096923828125,0.6480569839477539,0.9803921568627451,0.007657184260399278,2.646241308062789,1.2083301986649362,True,4.527692569068709
pair_083,5,521.5,501.5,11.75,1.0,0.8040999174118042,0.49018096923828125,0.6471404433250427,0.9803921568627451,0.007657184260399278,2.646241308062789,1.207413658042225,True,4.743416490252569
pair_084,1,487.5,285.5,11.25,3.5,0.7353211045265198,0.5526867508888245,0.6440039277076721,1.0,0.02026802028905239,1.7236828832840794,1.1204258200938906,True,9.513148795220223
pair_084,2,488.0,282.0,10.25,-5.0,0.7580919861793518,0.523902177810669,0.6409970819950104,0.9803921568627451,0.02274675739906561,1.6334364433421353,1.1030077248678607,True,13.038404810405298
pair_084,3,488.0,282.0,10.25,-4.0,0.7558402121067047,0.523902177810669,0.6398711949586868,0.9803921568627451,0.02274675739906561,1.6334364433421353,1.1018818378315371,True,13.038404810405298
pair_084,4,487.0,282.0,10.0,-5.0,0.7311683148145676,0.5295625329017639,0.6303654238581657,0.9803921568627451,0.022945634926879132,1.6049653823607235,1.0895687361384374,True,13.0
pair_084,5,487.0,282.0,10.0,-4.0,0.7306770980358124,0.5295625329017639,0.6301198154687881,0.9803921568627451,0.022945634926879132,1.6049653823607235,1.0893231277490598,True,13.0
pair_085,1,465.5,543.5,11.25,5.0,0.8352949917316437,0.5931071043014526,0.7142010480165482,1.0,0.005782439776201485,1.0684004470492923,1.1221975806767177,True,10.700467279516348
pair_085,2,465.5,543.5,11.0,5.0,0.8334137797355652,0.5931071043014526,0.7132604420185089,1.0,0.005782439776201485,1.0684004470492923,1.1212569746786785,True,10.700467279516348
pair_085,3,465.5,543.5,10.75,5.0,0.8317708373069763,0.5931071043014526,0.7124389708042145,1.0,0.005782439776201485,1.0684004470492923,1.120435503464384,True,10.700467279516348
pair_085,4,465.5,543.5,11.0,4.0,0.8306896388530731,0.5931071043014526,0.7118983715772629,1.0,0.005782439776201485,1.0684004470492923,1.1198949042374324,True,10.700467279516348
pair_085,5,465.5,541.5,11.75,5.0,0.8364913761615753,0.48233217000961304,0.6594117730855942,1.0,0.005484432840201411,1.0831941611759208,1.0688280757712265,True,9.617692030835672
pair_086,1,461.5,304.5,10.75,2.5,0.9725151658058167,0.7031815052032471,0.8378483355045319,1.0,0.018196193592380602,1.0362440832896445,1.2451119825519723,True,0.7071067811865476
pair_086,2,461.5,304.5,10.75,3.5,0.9691128134727478,0.7031815052032471,0.8361471593379974,1.0,0.018196193592380602,1.0362440832896445,1.2434108063854379,True,0.7071067811865476
pair_086,3,461.5,304.5,11.0,4.0,0.9628632664680481,0.7031815052032471,0.8330223858356476,1.0,0.018196193592380602,1.0362440832896445,1.240286032883088,True,0.7071067811865476
pair_086,4,461.5,304.5,10.75,4.0,0.961044192314148,0.7031815052032471,0.8321128487586975,1.0,0.018196193592380602,1.0362440832896445,1.239376495806138,True,0.7071067811865476
pair_086,5,461.5,304.5,11.0,5.0,0.9409909844398499,0.7031815052032471,0.8220862448215485,1.0,0.018196193592380602,1.0362440832896445,1.229349891868989,True,0.7071067811865476
pair_087,1,907.0,354.0,10.0,0.0,0.9316887855529785,0.9846552014350891,0.9581719934940338,0.9727626463656123,0.04248811122587138,1.0308689563662465,1.3615853052855165,False,468.187996428785
pair_087,2,907.0,354.0,10.0,1.0,0.9210769236087799,0.9846552014350891,0.9528660625219345,0.9727626463656123,0.04248811122587138,1.0308689563662465,1.3562793743134172,False,468.187996428785
pair_087,3,907.0,354.0,10.0,-1.0,0.9186983108520508,0.9846552014350891,0.95167675614357,0.9727626463656123,0.04248811122587138,1.0308689563662465,1.3550900679350526,False,468.187996428785
pair_087,4,907.0,354.0,10.25,0.0,0.9027087092399597,0.9846552014350891,0.9436819553375244,0.9727626463656123,0.04248811122587138,1.0308689563662465,1.347095267129007,False,468.187996428785
pair_087,5,907.0,354.0,10.25,1.0,0.8845981657505035,0.9846552014350891,0.9346266835927963,0.9727626463656123,0.04248811122587138,1.0308689563662465,1.338039995384279,False,468.187996428785
pair_088,1,532.0,317.0,9.25,5.0,0.5874018669128418,0.6737871170043945,0.6305944919586182,0.9727626463656123,0.026416324607922908,0.9985564035828026,1.0275621911481667,False,21.095023109728988
pair_088,2,532.5,315.5,9.0,4.0,0.6122998744249344,0.6172342896461487,0.6147670820355415,0.9803921568627451,0.024387635018739855,0.9901759407352096,1.012779850171634,False,22.638462845343543
pair_088,3,531.5,316.5,9.0,5.0,0.5977321490645409,0.6172342896461487,0.6074832193553448,0.9803921568627451,0.024387635018739855,0.9901759407352096,1.0054959874914373,False,21.552262062252307
pair_088,4,535.5,314.5,9.0,-1.0,0.8658392131328583,0.29450246691703796,0.5801708400249481,1.0,0.029371937138625227,1.0090971056498592,0.9869549380176592,False,24.13503677229434
pair_088,5,535.5,314.5,9.0,0.0,0.8519062697887421,0.29450246691703796,0.57320436835289,1.0,0.029371937138625227,1.0090971056498592,0.9799884663456011,False,24.13503677229434
pair_089,1,64.5,53.5,9.75,1.0,0.7565829455852509,0.6190923452377319,0.6878376454114914,1.0,0.15625693677863323,0.9816724299315581,1.117256275760374,False,589.747827465265
pair_089,2,64.5,53.5,9.75,0.0,0.7526853382587433,0.6190923452377319,0.6858888417482376,1.0,0.15625693677863323,0.9816724299315581,1.1153074720971201,False,589.747827465265
pair_089,3,221.5,740.5,10.75,-1.0,0.9526553153991699,0.24160224199295044,0.5971287786960602,1.0,0.002665446900970895,1.0467340221625534,1.0023352702925097,False,369.88444141380154
pair_089,4,195.5,740.5,11.0,1.0,0.954004168510437,0.22830060124397278,0.5911523848772049,1.0,0.002584865020814697,1.045967589688654,0.9962661168502334,False,388.3664506622579
pair_089,5,144.0,77.0,10.25,-1.0,0.8517071902751923,0.35267433524131775,0.602190762758255,1.0,0.13227681793120688,1.0198715820954045,1.030633284554037,False,518.8111409752107
pair_090,1,216.5,452.5,9.0,-1.0,0.9414722621440887,0.48588088154792786,0.7136765718460083,0.9259259259259258,0.00888028142478871,1.022345557873195,1.0954649616960632,False,289.7455780508134
pair_090,2,153.5,452.5,9.0,1.0,0.9472597539424896,0.4754228889942169,0.7113413214683533,0.9225619934101733,0.009368710078403333,1.0105678907889435,1.0910404505859803,False,346.3935622958371
pair_090,3,153.5,452.5,9.0,0.0,0.9442534148693085,0.4754228889942169,0.7098381519317627,0.9225619934101733,0.009368710078403333,1.0105678907889435,1.0895372810493897,False,346.3935622958371
pair_090,4,468.0,374.0,10.0,1.0,0.7419478297233582,0.6230924129486084,0.6825201213359833,0.9259259259259258,0.020087395699942414,1.2055245680800926,1.0848678350617587,False,60.07495318350236
pair_090,5,937.5,452.5,9.0,1.5,0.9362425804138184,0.46373793482780457,0.6999902576208115,0.9803921568627451,0.005175730920090325,1.0189337883550138,1.0970364296991544,False,486.6256261234092
pair_091,1,513.5,459.5,9.0,2.5,0.8057834804058075,0.31780821084976196,0.5617958456277847,1.0,0.017245655924855136,1.1527433972633387,0.9805193165390897,True,6.363961030678928
pair_091,2,513.5,459.5,9.0,1.5,0.8051667213439941,0.31780821084976196,0.561487466096878,1.0,0.017245655924855136,1.1527433972633387,0.9802109370081831,True,6.363961030678928
pair_091,3,514.5,459.5,8.25,0.0,0.8023795485496521,0.31780821084976196,0.560093879699707,1.0,0.017245655924855136,1.1527433972633387,0.978817350611012,True,7.106335201775948
pair_091,4,513.5,458.5,8.25,1.5,0.8191485702991486,0.19620077311992645,0.5076746717095375,1.0,0.01857787785324653,1.0954660973134254,0.9209368570115294,True,7.106335201775948
pair_091,5,513.5,458.5,8.0,1.5,0.8184998333454132,0.19620077311992645,0.5073503032326698,1.0,0.01857787785324653,1.0954660973134254,0.9206124885346617,True,7.106335201775948
pair_092,1,509.0,299.0,10.25,-1.0,0.8704542815685272,0.6100376844406128,0.74024598300457,1.0,0.004646117392014589,1.407842113115267,1.1819594177944996,True,0.0
pair_092,2,509.0,299.0,10.25,1.0,0.8676419854164124,0.6100376844406128,0.7388398349285126,1.0,0.004646117392014589,1.407842113115267,1.1805532697184422,True,0.0
pair_092,3,509.0,299.0,10.25,-1.5,0.8620218336582184,0.6100376844406128,0.7360297590494156,1.0,0.004646117392014589,1.407842113115267,1.1777431938393452,True,0.0
pair_092,4,509.0,300.0,10.25,2.5,0.844445675611496,0.6266770362854004,0.7355613559484482,0.9803921568627451,0.004772700497929683,1.438357541522861,1.1744692972591435,True,1.0
pair_092,5,509.0,299.0,10.25,0.0,0.8588652312755585,0.6100376844406128,0.7344514578580856,1.0,0.004646117392014589,1.407842113115267,1.1761648926480153,True,0.0
pair_093,1,490.5,454.5,12.0,1.5,0.8394713401794434,0.3618037700653076,0.6006375551223755,0.9803921568627451,0.00975094460960506,1.0359491531569598,1.0003003064188158,True,14.983324063771697
pair_093,2,490.5,454.5,11.75,2.5,0.8382670879364014,0.3618037700653076,0.6000354290008545,0.9803921568627451,0.00975094460960506,1.0359491531569598,0.999698180297295,True,14.983324063771697
pair_093,3,490.5,454.5,11.75,3.5,0.8366794586181641,0.3618037700653076,0.5992416143417358,0.9803921568627451,0.00975094460960506,1.0359491531569598,0.9989043656381763,True,14.983324063771697
pair_093,4,491.5,454.5,12.0,2.5,0.8403847217559814,0.26722002029418945,0.5538023710250854,1.0,0.01096223531923458,1.0182560272264438,0.9578204208115768,True,14.577379737113251
pair_093,5,491.5,454.5,12.0,3.5,0.838478296995163,0.26722002029418945,0.5528491586446762,1.0,0.01096223531923458,1.0182560272264438,0.9568672084311676,True,14.577379737113251
pair_094,1,513.0,369.0,10.25,-1.0,0.9560661911964417,0.4583084285259247,0.7071873098611832,1.0,0.03485710322822823,1.049003983121937,1.1190591288190226,False,31.144823004794873
pair_094,2,513.0,369.0,10.25,-1.5,0.9503862261772156,0.4583084285259247,0.7043473273515701,1.0,0.03485710322822823,1.049003983121937,1.1162191463094095,False,31.144823004794873
pair_094,3,513.0,369.0,10.25,0.0,0.946406900882721,0.4583084285259247,0.7023576647043228,1.0,0.03485710322822823,1.049003983121937,1.1142294836621622,False,31.144823004794873
pair_094,4,513.0,369.0,10.25,1.0,0.9377571940422058,0.4583084285259247,0.6980328112840652,1.0,0.03485710322822823,1.049003983121937,1.1099046302419047,False,31.144823004794873
pair_094,5,513.0,369.0,10.25,-2.5,0.9335105121135712,0.4583084285259247,0.6959094703197479,1.0,0.03485710322822823,1.049003983121937,1.1077812892775873,False,31.144823004794873
pair_095,1,472.5,411.5,10.75,3.5,0.8323439359664917,0.49472302198410034,0.663533478975296,1.0,0.026148580484541696,0.9535233215382815,1.0641155272260325,False,63.73774391990981
pair_095,2,494.5,546.5,10.75,-4.0,0.8402857482433319,0.4263858497142792,0.6333357989788055,1.0,0.039083353570019144,1.0266305280644246,1.0438155224992518,False,76.60613552451265
pair_095,3,517.5,523.5,11.0,-4.0,0.8597922027111053,0.21064698696136475,0.535219594836235,1.0,0.04040666451246486,0.9690816177643752,0.9402090895151656,False,70.01785486574121
pair_095,4,517.5,523.5,11.25,-5.0,0.8458088338375092,0.21064698696136475,0.528227910399437,1.0,0.04040666451246486,0.9690816177643752,0.9332174050783675,False,70.01785486574121
pair_095,5,517.5,523.5,11.0,-5.0,0.8330859541893005,0.21064698696136475,0.5218664705753326,1.0,0.04040666451246486,0.9690816177643752,0.9268559652542632,False,70.01785486574121
pair_096,1,519.5,313.5,10.75,-3.5,0.8824380934238434,0.7444838881492615,0.8134609907865524,1.0,0.006828228542052832,1.098851078152643,1.2247117443102273,False,28.853076092507017
pair_096,2,519.5,313.5,10.75,-2.5,0.8815423846244812,0.7444838881492615,0.8130131363868713,1.0,0.006828228542052832,1.098851078152643,1.2242638899105462,False,28.853076092507017
pair_096,3,520.5,313.5,10.75,-4.0,0.8804572224617004,0.7444838881492615,0.812470555305481,1.0,0.006828228542052832,1.098851078152643,1.2237213088291559,False,28.71410803072246
pair_096,4,520.5,313.5,11.0,-3.5,0.8793403804302216,0.7444838881492615,0.8119121342897415,1.0,0.006828228542052832,1.098851078152643,1.2231628878134164,False,28.71410803072246
pair_096,5,519.5,313.5,11.0,-2.5,0.8785220682621002,0.7444838881492615,0.8115029782056808,1.0,0.006828228542052832,1.098851078152643,1.2227537317293558,False,28.853076092507017
pair_097,1,508.5,473.5,10.75,1.5,0.9164010882377625,0.6087676882743835,0.762584388256073,0.9615384615384615,0.006955914116328295,1.1274774916855494,1.1651848587094318,True,2.9154759474226504
pair_097,2,508.5,473.5,10.75,-1.5,0.9056710600852966,0.6087676882743835,0.7572193741798401,0.9615384615384615,0.006955914116328295,1.1274774916855494,1.1598198446331989,True,2.9154759474226504
pair_097,3,509.0,474.0,10.25,1.0,0.9063447713851929,0.606284499168396,0.7563146352767944,0.9727626463656123,0.007032824977374424,1.1328368228400987,1.1628336764659628,True,3.1622776601683795
pair_097,4,508.5,473.5,10.75,2.5,0.9038017392158508,0.6087676882743835,0.7562847137451172,0.9615384615384615,0.006955914116328295,1.1274774916855494,1.158885184198476,True,2.9154759474226504
pair_097,5,509.0,474.0,10.25,1.5,0.901550680398941,0.606284499168396,0.7539175897836685,0.9727626463656123,0.007032824977374424,1.1328368228400987,1.160436630972837,True,3.1622776601683795
pair_098,1,469.0,316.0,9.25,-3.5,0.9540089964866638,0.6245512366294861,0.789280116558075,0.9615384615384615,0.009615505846687309,1.0124243755559863,1.1809071937445494,False,23.345235059857504
pair_098,2,469.0,316.0,9.25,-4.0,0.9538208544254303,0.6245512366294861,0.7891860455274582,0.9615384615384615,0.009615505846687309,1.0124243755559863,1.1808131227139327,False,23.345235059857504
pair_098,3,469.0,316.0,9.25,-2.5,0.9444605708122253,0.6245512366294861,0.7845059037208557,0.9615384615384615,0.009615505846687309,1.0124243755559863,1.1761329809073302,False,23.345235059857504
pair_098,4,469.0,316.0,9.25,-5.0,0.9443546235561371,0.6245512366294861,0.7844529300928116,0.9615384615384615,0.009615505846687309,1.0124243755559863,1.176080007279286,False,23.345235059857504
pair_098,5,469.5,316.5,9.0,-3.5,0.9367448687553406,0.6220135688781738,0.7793792188167572,0.9615384615384615,0.009703132311812192,1.0093771876087587,1.170719102501534,False,22.7705950734714
pair_099,1,475.5,504.5,10.75,1.0,0.6627326011657715,0.5898818969726562,0.6263072490692139,0.9803921568627451,0.01046337238072765,2.0140884741533887,1.1239264180195219,True,7.516648189186454
pair_099,2,475.0,504.0,10.25,3.5,0.6552550047636032,0.5213202238082886,0.5882876142859459,1.0,0.009892921916211514,2.0089071138810577,1.091156910057294,True,7.0710678118654755
pair_099,3,473.5,504.5,10.75,-2.5,0.6723961234092712,0.47709575295448303,0.5747459381818771,1.0,0.00925218564150503,2.006477873523364,1.0772441626625147,True,5.522680508593631
pair_099,4,473.5,504.5,10.75,-1.5,0.6709556132555008,0.47709575295448303,0.5740256831049919,1.0,0.00925218564150503,2.006477873523364,1.0765239075856294,True,5.522680508593631
pair_099,5,473.5,504.5,10.75,-1.0,0.6708263009786606,0.47709575295448303,0.5739610269665718,1.0,0.00925218564150503,2.006477873523364,1.0764592514472093,True,5.522680508593631
pair_100,1,507.0,335.0,10.25,-1.5,0.6837689876556396,0.38203465938568115,0.5329018235206604,1.0,0.00493852430148916,1.6444229280794005,0.9983318211888984,True,10.198039027185569
pair_100,2,507.0,335.0,10.25,-1.0,0.6832720935344696,0.38203465938568115,0.5326533764600754,1.0,0.00493852430148916,1.6444229280794005,0.9980833741283134,True,10.198039027185569
pair_100,3,507.0,335.0,10.25,-2.5,0.6832244843244553,0.38203465938568115,0.5326295718550682,1.0,0.00493852430148916,1.6444229280794005,0.9980595695233062,True,10.198039027185569
pair_100,4,507.0,335.0,10.25,-3.5,0.679344117641449,0.38203465938568115,0.5306893885135651,1.0,0.00493852430148916,1.6444229280794005,0.9961193861818031,True,10.198039027185569
pair_100,5,507.0,335.0,10.25,-4.0,0.6749290376901627,0.38203465938568115,0.5284818485379219,1.0,0.00493852430148916,1.6444229280794005,0.9939118462061599,True,10.198039027185569
pair_101,1,447.5,180.5,9.0,0.0,0.8662247657775879,0.06557781994342804,0.46590129286050797,0.9727626463656123,0.00840121523475392,0.9883972515822309,0.8582500549753656,False,326.95947761152297
pair_101,2,327.0,261.0,9.25,1.0,0.8386994302272797,0.0821799784898758,0.46043970435857773,0.9579112955847655,0.011288145233431286,0.9005687213876383,0.8401275942194575,False,300.8005984036601
pair_101,3,427.5,160.5,9.0,1.0,0.8731236457824707,0.05287043750286102,0.46299704164266586,0.9803921568627451,0.00758526842632308,1.0128074283376478,0.8599124852205188,False,350.6315730221681
pair_101,4,186.5,702.5,9.0,4.0,0.7699789106845856,0.15213879942893982,0.4610588550567627,0.9803921568627451,0.008983651089681702,1.0191519483691796,0.8588884271704404,False,378.0482773403418
pair_101,5,809.0,341.0,8.75,1.5,0.8480709493160248,0.06125035881996155,0.45466065406799316,0.9727626463656123,0.00679376207939659,0.9908121230165204,0.8469294126952083,False,342.23529917295207
pair_102,1,529.5,325.5,11.25,-1.0,0.9206771552562714,-0.0730813592672348,0.4237978979945183,0.9803921568627451,0.00777074790702499,1.2121710841974946,0.8406868030544963,False,31.976553910638962
pair_102,2,529.5,325.5,11.25,-1.5,0.9135902523994446,-0.0730813592672348,0.4202544465661049,0.9803921568627451,0.00777074790702499,1.2121710841974946,0.8371433516260829,False,31.976553910638962
pair_102,3,696.5,568.5,11.75,1.0,0.8938275575637817,-0.06597526371479034,0.4139261469244957,1.0,0.010641951750894347,0.9478629787650222,0.8108408351511769,False,318.48469350975097
pair_102,4,529.5,325.5,11.25,-2.5,0.8964114785194397,-0.0730813592672348,0.41166505962610245,0.9803921568627451,0.00777074790702499,1.2121710841974946,0.8285539646860804,False,31.976553910638962
pair_102,5,696.5,568.5,12.0,1.0,0.8901860415935516,-0.06597526371479034,0.41210538893938065,1.0,0.010641951750894347,0.9478629787650222,0.8090200771660618,False,318.48469350975097
pair_103,1,680.5,98.5,10.75,-1.5,0.739891454577446,0.4176943898200989,0.5787929221987724,1.0,0.2207245866857671,1.0331521932950383,1.0262530588654297,False,472.96987219060793
pair_103,2,741.5,98.5,10.75,-2.5,0.7287570089101791,0.4008174538612366,0.5647872313857079,1.0,0.21981344131375305,1.0446059010861248,1.013210509757071,False,499.9304951690785
pair_103,3,741.5,98.5,10.75,-3.5,0.7116918116807938,0.4008174538612366,0.5562546327710152,1.0,0.21981344131375305,1.0446059010861248,1.0046779111423783,False,499.9304951690785
pair_103,4,494.5,498.5,11.25,-4.0,0.7790243625640869,0.25877121090888977,0.5188977867364883,1.0,0.012220085238140317,0.9806017704218566,0.9194019808263021,False,35.531676008879735
pair_103,5,435.5,528.5,11.75,1.0,0.9106128811836243,0.12079048156738281,0.5157016813755035,1.0,0.009852022689840445,1.0446456180967998,0.9221366477231516,False,60.749485594529936
pair_104,1,527.0,239.0,8.75,1.0,0.9695180356502533,-0.21501120924949646,0.3772534132003784,0.9433962264150942,0.012860960507952084,1.2080000497300867,0.7836444781995058,False,36.22154055254967
pair_104,2,527.0,239.0,8.75,1.5,0.9610974490642548,-0.21501120924949646,0.37304311990737915,0.9433962264150942,0.012860960507952084,1.2080000497300867,0.7794341849065065,False,36.22154055254967
pair_104,3,527.0,239.0,8.75,0.0,0.9589851498603821,-0.21501120924949646,0.3719869703054428,0.9433962264150942,0.012860960507952084,1.2080000497300867,0.7783780353045702,False,36.22154055254967
pair_104,4,527.0,239.0,8.75,-1.0,0.9354331493377686,-0.21501120924949646,0.36021097004413605,0.9433962264150942,0.012860960507952084,1.2080000497300867,0.7666020350432634,False,36.22154055254967
pair_104,5,527.0,239.0,8.75,2.5,0.9265466630458832,-0.21501120924949646,0.35576772689819336,0.9433962264150942,0.012860960507952084,1.2080000497300867,0.7621587918973207,False,36.22154055254967
pair_105,1,478.0,556.0,10.0,-1.0,0.6858600378036499,0.3878169357776642,0.536838486790657,0.9615384615384615,0.01696244077800866,0.9607593198545976,0.924768445393257,False,80.8084154033477
pair_105,2,478.0,556.0,10.0,1.0,0.6857762336730957,0.3878169357776642,0.5367965847253799,0.9615384615384615,0.01696244077800866,0.9607593198545976,0.9247265433279799,False,80.8084154033477
pair_105,3,478.0,556.0,10.0,0.0,0.6790863275527954,0.3878169357776642,0.5334516316652298,0.9615384615384615,0.01696244077800866,0.9607593198545976,0.9213815902678297,False,80.8084154033477
pair_105,4,478.0,556.0,10.25,1.0,0.6735379695892334,0.3878169655799866,0.53067746758461,0.9615384615384615,0.01696244077800866,0.9607593198545976,0.9186074261872099,False,80.8084154033477
pair_105,5,478.0,556.0,10.25,-1.0,0.6708417236804962,0.3878169357776642,0.5293293297290802,0.9615384615384615,0.01696244077800866,0.9607593198545976,0.9172592883316801,False,80.8084154033477
pair_106,1,311.5,133.5,11.25,-1.0,0.6347078084945679,0.3432806730270386,0.4889942407608032,0.9579112955847655,0.2307836070778245,0.8694704967242993,0.9094714005242278,False,256.9095171456285
pair_106,2,311.5,133.5,11.25,0.0,0.6324526965618134,0.3432806730270386,0.48786668479442596,0.9579112955847655,0.2307836070778245,0.8694704967242993,0.9083438445578506,False,256.9095171456285
pair_106,3,312.5,133.5,11.25,-1.5,0.6314183473587036,0.3432806730270386,0.4873495101928711,0.9579112955847655,0.2307836070778245,0.8694704967242993,0.9078266699562957,False,256.14546648340274
pair_106,4,296.5,133.5,11.25,1.0,0.6331700384616852,0.3379177153110504,0.4855438768863678,0.9727626463656123,0.2337152776031206,0.8501121859940869,0.9091269449160844,False,268.5563255631861
pair_106,5,312.5,133.5,11.25,-2.5,0.6235855296254158,0.3432806730270386,0.4834331013262272,0.9579112955847655,0.2307836070778245,0.8694704967242993,0.9039102610896518,False,256.14546648340274
pair_107,1,590.5,444.5,9.75,-1.5,0.8754653632640839,0.8148488998413086,0.8451571315526962,1.0,0.011276204765884697,1.0490218454669396,1.2523145570525671,False,107.50116278440899
pair_107,2,591.0,291.0,9.25,1.0,0.9094219505786896,0.7826172709465027,0.8460196107625961,1.0,0.011225436683146005,1.0185762044098166,1.2501223185402068,False,240.97302753627844
pair_107,3,590.5,444.5,9.75,-2.5,0.8536412119865417,0.8148488998413086,0.8342450559139252,1.0,0.011276204765884697,1.0490218454669396,1.241402481413796,False,107.50116278440899
pair_107,4,591.0,291.0,9.25,1.5,0.9007223844528198,0.7826172709465027,0.8416698276996613,1.0,0.011225436683146005,1.0185762044098166,1.245772535477272,False,240.97302753627844
pair_107,5,591.0,291.0,9.25,2.5,0.878711611032486,0.7826172709465027,0.8306644409894943,1.0,0.011225436683146005,1.0185762044098166,1.234767148767105,False,240.97302753627844
pair_108,1,376.0,627.0,8.75,-4.0,0.8107396364212036,0.16774185001850128,0.48924074321985245,1.0,0.016323998648512535,1.0144467034141589,0.8939502132909709,False,377.0
pair_108,2,348.5,627.5,9.0,-4.0,0.8053394854068756,0.14455851912498474,0.4749490022659302,0.9727626463656123,0.01741705911005933,1.005514856391762,0.8708126936368019,False,388.1526761468997
pair_108,3,349.0,627.0,8.75,-5.0,0.7853012681007385,0.1601354330778122,0.47271835058927536,0.9727626463656123,0.015739014051857646,1.011647889626059,0.8688597362719366,False,387.489354692487
pair_108,4,349.0,627.0,9.25,-4.0,0.7824743390083313,0.1601354330778122,0.47130488604307175,0.9727626463656123,0.015739014051857646,1.011647889626059,0.867446271725733,False,387.489354692487
pair_108,5,349.0,627.0,9.25,-5.0,0.7601509690284729,0.1601354330778122,0.46014320105314255,0.9727626463656123,0.015739014051857646,1.011647889626059,0.8562845867358038,False,387.489354692487
pair_109,1,533.0,530.0,10.25,-1.5,0.947977751493454,0.9527403116226196,0.9503590315580368,1.0,0.0064581135610524715,1.0421333669739445,1.3558639909676418,True,5.656854249492381
pair_109,2,533.0,530.0,10.0,-1.5,0.9479456543922424,0.9527403116226196,0.950342983007431,1.0,0.0064581135610524715,1.0421333669739445,1.355847942417036,True,5.656854249492381
pair_109,3,533.0,530.0,10.25,-2.5,0.9446201622486115,0.9527403116226196,0.9486802369356155,1.0,0.0064581135610524715,1.0421333669739445,1.3541851963452205,True,5.656854249492381
pair_109,4,533.0,530.0,10.0,-2.5,0.9438093304634094,0.9527403116226196,0.9482748210430145,1.0,0.0064581135610524715,1.0421333669739445,1.3537797804526195,True,5.656854249492381
pair_109,5,533.0,530.0,10.25,-1.0,0.9425693154335022,0.9527403116226196,0.9476548135280609,1.0,0.0064581135610524715,1.0421333669739445,1.3531597729376659,True,5.656854249492381
pair_110,1,504.0,502.0,10.25,1.0,0.86226686835289,0.9520730376243591,0.9071699529886246,0.9579112955847655,0.004116395298100387,0.993087214444919,1.2946753421681663,False,217.74526401279087
pair_110,2,504.0,502.0,10.0,1.0,0.8562043309211731,0.9520730376243591,0.9041386842727661,0.9579112955847655,0.004116395298100387,0.993087214444919,1.2916440734523078,False,217.74526401279087
pair_110,3,503.5,501.5,9.75,0.0,0.8505122065544128,0.9520730376243591,0.901292622089386,0.9579112955847655,0.004116395298100387,0.993087214444919,1.2887980112689277,False,217.2889780913887
pair_110,4,504.0,502.0,10.25,0.0,0.848559558391571,0.9520730376243591,0.9003162980079651,0.9579112955847655,0.004116395298100387,0.993087214444919,1.2878216871875068,False,217.74526401279087
pair_110,5,550.5,452.5,9.75,-1.0,0.8616203963756561,0.9444503784179688,0.9030353873968124,1.0,0.004889854559641446,1.0006311878753753,1.3040764770962783,False,169.90732768188664
pair_111,1,474.5,489.5,9.75,3.5,0.9590763449668884,0.8194801211357117,0.8892782330513,0.9579112955847655,0.0058307127877382636,1.244891669198572,1.3023069312041344,True,1.5811388300841898
pair_111,2,474.5,489.5,9.75,4.0,0.951017826795578,0.8194801211357117,0.8852489739656448,0.9579112955847655,0.0058307127877382636,1.244891669198572,1.2982776721184792,True,1.5811388300841898
pair_111,3,474.5,489.5,9.75,2.5,0.9498807191848755,0.8194801211357117,0.8846804201602936,0.9579112955847655,0.0058307127877382636,1.244891669198572,1.297709118313128,True,1.5811388300841898
pair_111,4,474.5,489.5,9.75,5.0,0.9133653044700623,0.8194801211357117,0.866422712802887,0.9579112955847655,0.0058307127877382636,1.244891669198572,1.2794514109557213,True,1.5811388300841898
pair_111,5,474.5,489.5,9.75,1.5,0.909741222858429,0.8194801211357117,0.8646106719970703,0.9579112955847655,0.0058307127877382636,1.244891669198572,1.2776393701499047,True,1.5811388300841898
pair_112,1,913.5,727.5,11.0,1.5,0.7199522107839584,0.7148903608322144,0.7174212858080864,0.9803921568627451,0.008588285855762153,0.895338597235355,1.1027904497615977,False,586.8734957382212
pair_112,2,913.5,727.5,11.0,2.5,0.7176088094711304,0.7148903608322144,0.7162495851516724,0.9803921568627451,0.008588285855762153,0.895338597235355,1.1016187491051836,False,586.8734957382212
pair_112,3,913.5,727.5,10.75,1.5,0.7169204205274582,0.7148903608322144,0.7159053906798363,0.9803921568627451,0.008588285855762153,0.895338597235355,1.1012745546333476,False,586.8734957382212
pair_112,4,913.5,727.5,10.75,2.5,0.7156710177659988,0.7148903608322144,0.7152806892991066,0.9803921568627451,0.008588285855762153,0.895338597235355,1.1006498532526179,False,586.8734957382212
pair_112,5,913.5,727.5,11.25,1.5,0.7150478512048721,0.7148903608322144,0.7149691060185432,0.9803921568627451,0.008588285855762153,0.895338597235355,1.1003382699720545,False,586.8734957382212
pair_113,1,524.0,524.0,10.25,3.5,0.8163601160049438,0.9148398041725159,0.8655999600887299,0.9803921568627451,0.00798096490341197,1.1042810567286339,1.271741905801099,True,2.23606797749979
pair_113,2,524.0,524.0,10.25,2.5,0.8142581582069397,0.9148398041725159,0.8645489811897278,0.9803921568627451,0.00798096490341197,1.1042810567286339,1.270690926902097,True,2.23606797749979
pair_113,3,524.5,523.5,9.75,2.5,0.8133812248706818,0.9148398041725159,0.8641105145215988,0.9803921568627451,0.00798096490341197,1.1042810567286339,1.270252460233968,True,2.1213203435596424
pair_113,4,524.0,524.0,10.25,4.0,0.8125677406787872,0.9148398041725159,0.8637037724256516,0.9803921568627451,0.00798096490341197,1.1042810567286339,1.2698457181380207,True,2.23606797749979
pair_113,5,524.5,523.5,9.75,3.5,0.8102651536464691,0.9148398041725159,0.8625524789094925,0.9803921568627451,0.00798096490341197,1.1042810567286339,1.2686944246218617,True,2.1213203435596424
pair_114,1,534.0,309.0,10.25,-1.0,0.9525075852870941,0.9705498218536377,0.9615287035703659,0.9579112955847655,0.0118758343125801,1.0449779021170713,1.3557750493200187,False,15.132745950421556
pair_114,2,534.0,309.0,10.25,-1.5,0.9421283304691315,0.9705498218536377,0.9563390761613846,0.9579112955847655,0.0118758343125801,1.0449779021170713,1.3505854219110374,False,15.132745950421556
pair_114,3,534.0,309.0,10.0,-1.0,0.9190508723258972,0.9705498218536377,0.9448003470897675,0.9579112955847655,0.0118758343125801,1.0449779021170713,1.3390466928394202,False,15.132745950421556
pair_114,4,534.0,309.0,10.25,0.0,0.9110556542873383,0.9705498218536377,0.940802738070488,0.9579112955847655,0.0118758343125801,1.0449779021170713,1.3350490838201408,False,15.132745950421556
pair_114,5,534.0,309.0,10.0,-1.5,0.907099574804306,0.9705498218536377,0.9388246983289719,0.9579112955847655,0.0118758343125801,1.0449779021170713,1.3330710440786246,False,15.132745950421556
pair_115,1,317.0,885.0,10.0,-1.0,0.8393075466156006,0.9198665618896484,0.8795870542526245,1.0,0.035726048283820436,0.9321219198542321,1.2799444558948119,False,474.13078364518793
pair_115,2,317.0,857.0,10.0,1.0,0.8380497694015503,0.9160347580909729,0.8770422637462616,0.9803921568627451,0.02920974787882452,0.8123516250563698,1.2582370228864868,False,449.5152945117663
pair_115,3,273.0,885.0,10.0,0.0,0.8307277858257294,0.9284513592720032,0.8795895725488663,1.0,0.03593137276415094,0.9329091991051754,1.2800667670122141,False,496.0806386062653
pair_115,4,317.0,857.0,10.25,1.0,0.8210090100765228,0.9160347580909729,0.8685218840837479,0.9803921568627451,0.02920974787882452,0.8123516250563698,1.249716643223973,False,449.5152945117663
pair_115,5,317.0,885.0,10.25,-1.0,0.8201131224632263,0.9198665618896484,0.8699898421764374,1.0,0.035726048283820436,0.9321219198542321,1.2703472438186247,False,474.13078364518793
pair_116,1,293.0,258.0,8.75,1.0,0.557989452034235,0.3357376754283905,0.44686356373131275,1.0,0.0068560549955879145,0.959463532965569,0.8441811280269873,False,225.49722836434154
pair_116,2,194.0,861.0,9.25,2.5,0.5480380058288574,0.3450917601585388,0.4465648829936981,0.9803921568627451,0.031533872453543534,1.3398344022785815,0.8809727447710884,False,620.3394232192567
pair_116,3,195.0,861.0,9.25,1.5,0.5459673590958118,0.3371846079826355,0.44157598353922367,0.9727626463656123,0.03113575270209538,1.340762352610898,0.8737081632504163,False,619.8338487046348
pair_116,4,510.5,293.5,8.0,1.0,0.5676471069455147,0.27731022238731384,0.42247866466641426,0.9803921568627451,0.0294273926085765,1.176334217874831,0.8401152120344362,False,32.59601202601324
pair_116,5,510.5,293.5,8.25,1.0,0.567448690533638,0.27731022238731384,0.4223794564604759,0.9803921568627451,0.0294273926085765,1.176334217874831,0.8400160038284978,False,32.59601202601324
pair_117,1,538.5,698.5,9.75,-1.5,0.9003835320472717,0.7641274333000183,0.832255482673645,0.9727626463656123,0.02322508296207844,0.9498762533554872,1.2237169185112933,False,236.50475682319797
pair_117,2,538.5,869.5,9.75,1.0,0.9063229858875275,0.7709334492683411,0.8386282175779343,1.0,0.03111535099098701,0.9419296939799273,1.2390442571741245,False,407.50276072684466
pair_117,3,538.5,869.5,9.75,-1.0,0.9038969576358795,0.7709334492683411,0.8374152034521103,1.0,0.03111535099098701,0.9419296939799273,1.2378312430483005,False,407.50276072684466
pair_117,4,538.5,869.5,9.75,0.0,0.9036004543304443,0.7709334492683411,0.8372669517993927,1.0,0.03111535099098701,0.9419296939799273,1.237682991395583,False,407.50276072684466
pair_117,5,538.5,869.5,9.75,1.5,0.8980146050453186,0.7709334492683411,0.8344740271568298,1.0,0.03111535099098701,0.9419296939799273,1.23489006675302,False,407.50276072684466
pair_118,1,524.0,657.0,9.25,-1.5,0.8401651382446289,0.7929065823554993,0.8165358603000641,1.0,0.03016522617550844,0.9935431209819883,1.2219232176333645,False,333.00600595184466
pair_118,2,524.0,657.0,9.25,-2.5,0.8279979228973389,0.7929065823554993,0.8104522526264191,1.0,0.03016522617550844,0.9935431209819883,1.2158396099597195,False,333.00600595184466
pair_118,3,524.0,693.0,9.25,1.5,0.842822790145874,0.7819610834121704,0.8123919367790222,0.9328897755805148,0.030495026367340097,0.9835293883179854,1.1967108135584432,False,369.00542001439493
pair_118,4,524.5,692.5,9.0,1.5,0.8432821035385132,0.7810114622116089,0.812146782875061,0.9225092283386471,0.030345017197177502,0.9799646476254695,1.1929650195786374,False,368.50848022806747
pair_118,5,524.5,867.5,9.0,1.0,0.8478149175643921,0.7963418364524841,0.8220783770084381,0.9803921568627451,0.04371598560733373,0.9825275181552505,1.223191973004253,False,543.5057497395957
pair_119,1,909.0,694.0,10.0,0.0,0.9250758290290833,0.9899374842643738,0.9575066566467285,0.9803921568627451,0.00454449491384579,1.0270156231513516,1.3552347650034564,False,429.32505167995964
pair_119,2,909.0,662.0,10.0,1.0,0.9190959334373474,0.9898712635040283,0.9544835984706879,0.9803921568627451,0.004948325290863431,1.037022723986869,1.3532931829863708,False,416.0
pair_119,3,909.0,694.0,10.0,-1.0,0.9192229807376862,0.9899374842643738,0.95458023250103,0.9803921568627451,0.00454449491384579,1.0270156231513516,1.3523083408577579,False,429.32505167995964
pair_119,4,365.0,694.0,10.0,1.5,0.8847063779830933,0.9903054237365723,0.9375059008598328,1.0,0.0025387615447437866,1.0142394527373442,1.339437598442516,False,249.92798962901293
pair_119,5,877.0,694.0,10.25,0.0,0.9104149341583252,0.989409327507019,0.9499121308326721,0.9803921568627451,0.0021064421167993276,0.9884599602316786,1.3432970623380232,False,400.95885075653337
pair_120,1,322.5,522.5,11.75,-3.5,0.8061016201972961,0.3877819776535034,0.5969417989253998,1.0,0.005631565479646822,0.8901804454709907,0.9870861565684282,False,246.1635635101182
pair_120,2,377.5,522.5,11.75,-1.5,0.880067765712738,0.29958343505859375,0.5898256003856659,0.9803921568627451,0.00684475433439423,0.9109679805483691,0.9764089963662052,False,214.65437335400367
pair_120,3,377.5,522.5,12.0,-1.5,0.8763126730918884,0.29958343505859375,0.5879480540752411,0.9803921568627451,0.00684475433439423,0.9109679805483691,0.9745314500557803,False,214.65437335400367
pair_120,4,403.5,522.5,12.0,-3.5,0.8051332533359528,0.3499374985694885,0.5775353759527206,1.0,0.006544770771953703,0.8956476055737888,0.9684090906644902,False,203.2695255073913
pair_120,5,484.5,360.5,12.0,1.0,0.9225532710552216,0.22723107039928436,0.574892170727253,0.9803921568627451,0.006210576153518269,0.9588190390535554,0.9661338369221356,False,25.622255950637914
pair_121,1,641.5,341.5,10.75,3.5,0.8522876799106598,0.8675780296325684,0.8599328547716141,0.9579112955847655,0.027022810032413608,0.8598763242120148,1.2386984378747279,True,14.916433890176299
pair_121,2,642.5,341.5,10.75,2.5,0.8497227132320404,0.8675780296325684,0.8586503714323044,0.9579112955847655,0.027022810032413608,0.8598763242120148,1.2374159545354182,False,15.572411502397436
pair_121,3,641.5,341.5,9.75,-1.0,0.8444745540618896,0.8675780296325684,0.856026291847229,0.9579112955847655,0.027022810032413608,0.8598763242120148,1.2347918749503428,True,14.916433890176299
pair_121,4,643.5,341.5,11.25,3.5,0.8444778621196747,0.8673928380012512,0.855935350060463,0.9803921568627451,0.027384166983553906,0.8556933110840433,1.2410991616244014,False,16.263455967290593
pair_121,5,643.5,341.5,11.25,2.5,0.8422874510288239,0.8673928380012512,0.8548401445150375,0.9803921568627451,0.027384166983553906,0.8556933110840433,1.240003956078976,False,16.263455967290593
pair_122,1,610.5,392.5,10.75,-3.5,0.9453832805156708,0.7816202044487,0.8635017424821854,0.8771929824561403,0.10312429814696152,0.9940565335331903,1.2466901502017387,False,26.879360111431225
pair_122,2,610.5,392.5,10.75,-4.0,0.945260226726532,0.7816202044487,0.863440215587616,0.8771929824561403,0.10312429814696152,0.9940565335331903,1.2466286233071693,False,26.879360111431225
pair_122,3,611.5,392.5,11.0,-3.5,0.9383866488933563,0.7878797054290771,0.8631331771612167,0.8771929824561403,0.09967718587438751,1.002324182014938,1.24645892727443,False,26.16295090390226
pair_122,4,611.5,392.5,11.0,-4.0,0.9377131164073944,0.7878797054290771,0.8627964109182358,0.8771929824561403,0.09967718587438751,1.002324182014938,1.246122161031449,False,26.16295090390226
pair_122,5,610.5,392.5,10.75,-5.0,0.9420843124389648,0.7816202044487,0.8618522584438324,0.8771929824561403,0.10312429814696152,0.9940565335331903,1.2450406661633857,False,26.879360111431225
pair_123,1,935.0,486.0,10.0,0.0,0.8852482736110687,0.7340061664581299,0.8096272200345993,0.9803921568627451,0.013659328422316309,1.1758465537665275,1.2240613881545386,False,420.0
pair_123,2,795.0,486.0,10.0,1.0,0.8401041924953461,0.7306668758392334,0.7853855341672897,0.9803921568627451,0.007009150583277788,1.0606022087153177,1.1869652322143005,False,280.0
pair_123,3,795.0,486.0,10.0,-1.0,0.8394057154655457,0.7306668758392334,0.7850362956523895,0.9803921568627451,0.007009150583277788,1.0606022087153177,1.1866159936994003,False,280.0
pair_123,4,515.5,485.5,11.75,5.0,0.9185360074043274,0.6056101322174072,0.7620730698108673,0.9803921568627451,0.007449599436580887,1.1627809391558401,1.173958730672591,True,0.7071067811865476
pair_123,5,515.5,485.5,11.25,5.0,0.9175443947315216,0.6056101322174072,0.7615772634744644,0.9803921568627451,0.007449599436580887,1.1627809391558401,1.173462924336188,True,0.7071067811865476
pair_124,1,308.0,627.0,9.25,-5.0,0.7781995534896851,0.533301591873169,0.655750572681427,0.9803921568627451,0.012503594452547437,1.0926117407454938,1.0616301127053094,True,13.601470508735444
pair_124,2,310.0,627.0,10.25,-3.5,0.782870888710022,0.5246843099594116,0.6537775993347168,0.9803921568627451,0.011120973025071047,1.0949412887839458,1.059613569876949,True,12.041594578792296
pair_124,3,310.0,627.0,10.25,-4.0,0.7815890312194824,0.5246843099594116,0.653136670589447,0.9803921568627451,0.011120973025071047,1.0949412887839458,1.0589726411316793,True,12.041594578792296
pair_124,4,309.5,627.5,9.0,-1.0,0.7736251652240753,0.530256986618042,0.6519410759210587,1.0,0.010467493815697886,1.0947047600396993,1.0635050506881683,True,12.747548783981962
pair_124,5,309.5,627.5,9.0,-1.5,0.7734011709690094,0.530256986618042,0.6518290787935257,1.0,0.010467493815697886,1.0947047600396993,1.0633930535606353,True,12.747548783981962
pair_125,1,56.0,227.0,10.0,0.0,0.9014511406421661,0.933725118637085,0.9175881296396255,1.0,0.00423601801737893,1.021340108130008,1.3205693440561022,False,540.8326913195984
pair_125,2,106.0,277.0,10.0,1.0,0.871924638748169,0.9335345029830933,0.9027295708656311,1.0,0.01711402291576304,0.9956719529126921,1.3057195707400528,False,471.6990566028302
pair_125,3,56.0,277.0,10.0,-1.0,0.8716562390327454,0.9364266991615295,0.9040414690971375,1.0,0.004750282171941704,1.0188418321657182,1.3068757087480976,False,514.78150704935
pair_125,4,606.0,627.0,10.0,1.5,0.8085338175296783,0.9427843689918518,0.8756590932607651,1.0,0.058906777091766005,1.0371295923919388,1.2911534079183122,False,141.4213562373095
pair_125,5,606.0,627.0,10.25,1.5,0.7978543639183044,0.9427843689918518,0.8703193664550781,1.0,0.058906777091766005,1.0371295923919388,1.2858136811126253,False,141.4213562373095
pair_126,1,295.5,720.5,9.0,-2.5,0.8209609985351562,0.09377487003803253,0.4573679342865944,0.9803921568627451,0.008099515234660555,1.1385178652235322,0.8669572709147033,False,36.09016486523718
pair_126,2,295.5,720.5,9.0,-3.5,0.8150874078273773,0.09377487003803253,0.4544311389327049,0.9803921568627451,0.008099515234660555,1.1385178652235322,0.8640204755608138,False,36.09016486523718
pair_126,3,295.5,720.5,9.0,-1.5,0.812234103679657,0.09377487003803253,0.45300448685884476,0.9803921568627451,0.008099515234660555,1.1385178652235322,0.8625938234869537,False,36.09016486523718
pair_126,4,807.5,550.5,9.0,1.0,0.8003759682178497,0.10460979491472244,0.4524928815662861,0.9803921568627451,0.010413431933484601,1.0381734221706806,0.8525105572288746,False,508.181562042544
pair_126,5,295.5,720.5,9.0,-4.0,0.8093866109848022,0.09377487003803253,0.4515807405114174,0.9803921568627451,0.008099515234660555,1.1385178652235322,0.8611700771395263,False,36.09016486523718
pair_127,1,533.0,518.0,8.75,-2.5,0.8565745651721954,0.32545995712280273,0.5910172611474991,0.9803921568627451,0.010305095543387153,1.132114115681286,1.0004073388831285,True,4.47213595499958
pair_127,2,533.0,518.0,8.75,-3.5,0.8560908138751984,0.32545995712280273,0.5907753854990005,0.9803921568627451,0.010305095543387153,1.132114115681286,1.00016546323463,True,4.47213595499958
pair_127,3,533.0,518.0,8.75,1.0,0.8552278280258179,0.32545995712280273,0.5903438925743103,0.9803921568627451,0.010305095543387153,1.132114115681286,0.9997339703099398,True,4.47213595499958
pair_127,4,533.0,518.0,8.75,-4.0,0.8550323843955994,0.32545995712280273,0.590246170759201,0.9803921568627451,0.010305095543387153,1.132114115681286,0.9996362484948306,True,4.47213595499958
pair_127,5,533.0,518.0,8.75,1.5,0.8539552092552185,0.32545995712280273,0.5897075831890106,0.9803921568627451,0.010305095543387153,1.132114115681286,0.9990976609246401,True,4.47213595499958
pair_128,1,309.0,675.0,9.25,-1.0,0.8956897556781769,0.7981508374214172,0.8469202965497971,1.0,0.008752110108905174,1.3128654647424192,1.27995726504582,False,17.029386365926403
pair_128,2,309.0,675.0,8.75,-1.0,0.8628826141357422,0.7981508374214172,0.8305167257785797,1.0,0.008752110108905174,1.3128654647424192,1.2635536942746026,False,17.029386365926403
pair_128,3,309.0,675.0,8.75,0.0,0.8469444513320923,0.7981508374214172,0.8225476443767548,1.0,0.008752110108905174,1.3128654647424192,1.2555846128727777,False,17.029386365926403
pair_128,4,309.5,675.5,10.75,1.0,0.9390071332454681,0.700713038444519,0.8198600858449936,0.9803921568627451,0.011235783053404587,1.3307769154258462,1.2493025810570826,False,16.98528775146303
pair_128,5,309.5,675.5,10.75,1.5,0.932855486869812,0.700713038444519,0.8167842626571655,0.9803921568627451,0.011235783053404587,1.3307769154258462,1.2462267578692545,False,16.98528775146303
pair_129,1,430.5,495.5,11.0,-2.5,0.9301411509513855,0.32638049125671387,0.6282608211040497,1.0,0.0073112981717978545,0.9717336566308342,1.0268964464014927,True,6.519202405202649
pair_129,2,430.5,495.5,10.75,-2.5,0.9277604818344116,0.32638049125671387,0.6270704865455627,1.0,0.0073112981717978545,0.9717336566308342,1.0257061118430058,True,6.519202405202649
pair_129,3,430.5,495.5,11.0,-3.5,0.923906683921814,0.32638049125671387,0.6251435875892639,1.0,0.0073112981717978545,0.9717336566308342,1.023779212886707,True,6.519202405202649
pair_129,4,430.5,495.5,10.75,-3.5,0.9210117757320404,0.32638049125671387,0.6236961334943771,1.0,0.0073112981717978545,0.9717336566308342,1.0223317587918201,True,6.519202405202649
pair_129,5,430.5,495.5,11.0,-1.5,0.9167073965072632,0.32638049125671387,0.6215439438819885,1.0,0.0073112981717978545,0.9717336566308342,1.0201795691794315,True,6.519202405202649
pair_130,1,103.0,476.0,10.25,-1.5,0.817877858877182,0.6848626732826233,0.7513702660799026,0.9615384615384615,0.010731241690503377,0.9605505813128662,1.1380331110108284,False,328.8783969797956
pair_130,2,103.0,476.0,10.0,-1.5,0.8090214729309082,0.6848626732826233,0.7469420731067657,0.9615384615384615,0.010731241690503377,0.9605505813128662,1.1336049180376915,False,328.8783969797956
pair_130,3,103.0,476.0,10.25,-2.5,0.8072260618209839,0.6848626732826233,0.7460443675518036,0.9615384615384615,0.010731241690503377,0.9605505813128662,1.1327072124827293,False,328.8783969797956
pair_130,4,63.0,476.0,10.0,-2.5,0.7995850443840027,0.6776731610298157,0.7386291027069092,1.0,0.028845958129752262,1.0428319492761151,1.148681489260471,False,367.80565520394055
pair_130,5,181.0,676.0,10.0,1.5,0.8100119829177856,0.6532549858093262,0.7316334843635559,1.0,0.011259808809396572,1.010735954740458,1.134959041599481,False,269.2229559305818
pair_131,1,518.0,824.0,10.0,-1.0,0.9154966771602631,0.9760603904724121,0.9457785338163376,0.9803921568627451,0.24432299876067431,0.462128812700892,1.334973661897385,False,330.0
pair_131,2,518.0,824.0,10.0,1.0,0.9146095812320709,0.9760603904724121,0.9453349858522415,0.9803921568627451,0.24432299876067431,0.462128812700892,1.334530113933289,False,330.0
pair_131,3,518.0,824.0,10.0,0.0,0.9022849798202515,0.9760603904724121,0.9391726851463318,0.9803921568627451,0.24432299876067431,0.462128812700892,1.3283678132273793,False,330.0
pair_131,4,518.0,824.0,10.25,1.0,0.8918999433517456,0.9760603904724121,0.9339801669120789,0.9803921568627451,0.24432299876067431,0.462128812700892,1.3231752949931264,False,330.0
pair_131,5,518.0,824.0,10.25,0.0,0.8786216378211975,0.9760603904724121,0.9273410141468048,0.9803921568627451,0.24432299876067431,0.462128812700892,1.3165361422278523,False,330.0
pair_132,1,453.5,340.5,10.75,4.0,0.782813549041748,0.31622132658958435,0.5495174378156662,1.0,0.04885590044365665,0.34938923691413426,0.894227541595811,False,22.7705950734714
pair_132,2,453.5,339.5,10.75,5.0,0.7814978957176208,0.31622132658958435,0.5488596111536026,1.0,0.04885590044365665,0.34938923691413426,0.8935697149337474,False,22.94558781116753
pair_132,3,459.0,331.0,9.25,4.0,0.7872929871082306,0.1564415991306305,0.47186729311943054,1.0,0.02861382646342615,0.36807433538230694,0.8143974919503465,False,21.400934559032695
pair_132,4,459.0,331.0,9.25,5.0,0.7811578810214996,0.1564415991306305,0.46879974007606506,1.0,0.02861382646342615,0.36807433538230694,0.811329938906981,False,21.400934559032695
pair_132,5,287.5,138.5,9.0,1.0,0.9549484550952911,0.013180015608668327,0.48406423535197973,1.0,0.28308105981065124,0.37038635704545,0.8777190830186551,False,278.859283510519
pair_133,1,479.5,754.5,9.75,1.5,0.87662073969841,0.6004201769828796,0.7385204583406448,0.9727626463656123,0.022366438393177996,0.8273481807417314,1.1175573580031373,False,38.890872965260115
pair_133,2,369.0,419.0,9.25,-1.5,0.8769854009151459,0.572756290435791,0.7248708456754684,0.9803921568627451,0.01639022313057154,0.8460555899513,1.106872096355536,False,318.8494942759044
pair_133,3,480.0,755.0,9.25,5.0,0.8762041330337524,0.5877726078033447,0.7319883704185486,0.9727626463656123,0.022682280259911498,0.8469828395329472,1.1130519043335094,False,39.319206502675
pair_133,4,369.0,419.0,9.25,-2.5,0.8727715611457825,0.572756290435791,0.7227639257907867,0.9803921568627451,0.01639022313057154,0.8460555899513,1.1047651764708544,False,318.8494942759044
pair_133,5,371.0,418.0,8.75,-3.5,0.8728907406330109,0.5686849355697632,0.720787838101387,1.0,0.021397568110860642,0.8315610461494092,1.1082234563385,False,319.06112267087633
pair_134,1,819.5,465.5,11.25,2.5,0.9043052494525909,0.7504859566688538,0.8273956030607224,1.0,0.34739824543620895,1.287895282030775,1.3256647803510417,False,533.5283497622221
pair_134,2,819.5,465.5,11.0,3.5,0.8822166919708252,0.7504859566688538,0.8163513243198395,1.0,0.34739824543620895,1.287895282030775,1.3146205016101589,False,533.5283497622221
pair_134,3,821.5,633.5,10.75,-5.0,0.8501145839691162,0.7814433574676514,0.8157789707183838,0.9803921568627451,0.4463688517591189,1.2726085486628353,1.3264312429953145,False,562.9054094605949
pair_134,4,821.5,633.5,11.0,-5.0,0.8498784303665161,0.7814433574676514,0.8156608939170837,0.9803921568627451,0.4463688517591189,1.2726085486628353,1.3263131661940144,False,562.9054094605949
pair_134,5,819.5,465.5,10.75,3.5,0.873210221529007,0.7504859566688538,0.8118480890989304,1.0,0.34739824543620895,1.287895282030775,1.3101172663892497,False,533.5283497622221
pair_135,1,532.5,702.5,10.75,-1.0,0.8595013916492462,0.7553398013114929,0.8074205964803696,1.0,0.005850355560301853,0.8265516263864856,1.1912458302310784,False,261.55783299301135
pair_135,2,532.5,702.5,11.25,-1.0,0.8573182821273804,0.7553398013114929,0.8063290417194366,1.0,0.005850355560301853,0.8265516263864856,1.1901542754701455,False,261.55783299301135
pair_135,3,529.5,445.5,12.0,-2.5,0.8447276651859283,0.7464548945426941,0.7955912798643112,1.0,0.011634338137836799,0.7548240874585802,1.1734005562377368,True,9.617692030835672
pair_135,4,532.5,702.5,10.75,-1.5,0.8555127680301666,0.7553398013114929,0.8054262846708298,1.0,0.005850355560301853,0.8265516263864856,1.1892515184215386,False,261.55783299301135
pair_135,5,529.5,445.5,12.0,-3.5,0.8434301316738129,0.7464548945426941,0.7949425131082535,1.0,0.011634338137836799,0.7548240874585802,1.172751789481679,True,9.617692030835672
pair_136,1,639.5,913.5,10.75,1.0,0.8816941678524017,0.7132732272148132,0.7974836975336075,0.9803921568627451,0.03279804625984843,0.8862420160729709,1.1867851554516977,False,520.5693997921891
pair_136,2,640.5,913.5,11.0,1.0,0.8809477090835571,0.7132732272148132,0.7971104681491852,0.9803921568627451,0.03279804625984843,0.8862420160729709,1.1864119260672754,False,521.1568861676875
pair_136,3,640.5,913.5,10.75,-1.0,0.8803455233573914,0.7132732272148132,0.7968093752861023,0.9803921568627451,0.03279804625984843,0.8862420160729709,1.1861108332041925,False,521.1568861676875
pair_136,4,640.5,913.5,11.0,-1.0,0.879397064447403,0.7132732272148132,0.7963351458311081,0.9803921568627451,0.03279804625984843,0.8862420160729709,1.1856366037491983,False,521.1568861676875
pair_136,5,641.5,913.5,11.25,1.0,0.873670369386673,0.7045068740844727,0.7890886217355728,0.9615384615384615,0.035036616128442485,0.879074999898009,1.1724649834126004,False,521.7456276769361
pair_137,1,510.0,325.0,9.25,2.5,0.7379530072212219,0.4357779026031494,0.5868654549121857,0.9803921568627451,0.005371026638644763,2.206102215813528,1.102667528880091,False,21.095023109728988
pair_137,2,507.0,325.0,8.75,-3.5,0.7641962766647339,0.3854779303073883,0.5748371034860611,0.9615384615384615,0.0047067164175526605,2.2012544461231496,1.084365429843425,False,21.02379604162864
pair_137,3,509.0,325.0,9.25,1.0,0.75447678565979,0.39479219913482666,0.5746344923973083,0.9615384615384615,0.0050183232359132645,2.202288700552991,1.0843285655613286,False,21.02379604162864
pair_137,4,509.0,325.0,9.25,1.5,0.7490095347166061,0.39479219913482666,0.5719008669257164,0.9615384615384615,0.0050183232359132645,2.202288700552991,1.0815949400897367,False,21.02379604162864
pair_137,5,508.0,325.0,8.75,-1.5,0.7647495865821838,0.35858243703842163,0.5616660118103027,0.9615384615384615,0.004533143931310963,2.1983924189650312,1.0708734209546065,False,21.0
pair_138,1,470.5,536.5,11.75,2.5,0.7300553321838379,0.10176227986812592,0.4159088060259819,1.0,0.009225163735263562,2.084146363592051,0.9261684751322398,True,2.5495097567963922
pair_138,2,470.5,536.5,11.0,3.5,0.726325273513794,0.10176227986812592,0.41404377669095993,1.0,0.009225163735263562,2.084146363592051,0.9243034457972178,True,2.5495097567963922
pair_138,3,470.5,536.5,12.0,2.5,0.7246918082237244,0.10176227986812592,0.41322704404592514,1.0,0.009225163735263562,2.084146363592051,0.923486713152183,True,2.5495097567963922
pair_138,4,470.5,536.5,12.0,1.5,0.7221323102712631,0.10176227986812592,0.4119472950696945,1.0,0.009225163735263562,2.084146363592051,0.9222069641759524,True,2.5495097567963922
pair_138,5,471.5,536.5,11.25,1.0,0.7332226037979126,0.07063676416873932,0.40192968398332596,1.0,0.008796568406567068,2.0836711474093916,0.9120561124055786,True,2.5495097567963922
pair_139,1,461.0,513.0,9.25,2.5,0.8568298518657684,0.2729983925819397,0.5649141222238541,0.9727626463656123,0.0033913176114802874,2.637911496706065,1.1212123293264404,True,1.4142135623730951
pair_139,2,461.0,513.0,9.25,3.5,0.8560197949409485,0.2729983925819397,0.5645090937614441,0.9727626463656123,0.0033913176114802874,2.637911496706065,1.1208073008640305,True,1.4142135623730951
pair_139,3,461.0,513.0,9.25,1.5,0.8528265357017517,0.2729983925819397,0.5629124641418457,0.9727626463656123,0.0033913176114802874,2.637911496706065,1.119210671244432,True,1.4142135623730951
pair_139,4,461.0,513.0,9.25,4.0,0.8527731895446777,0.2729983925819397,0.5628857910633087,0.9727626463656123,0.0033913176114802874,2.637911496706065,1.119183998165895,True,1.4142135623730951
pair_139,5,461.0,513.0,9.25,1.0,0.8500374555587769,0.2729983925819397,0.5615179240703583,0.9727626463656123,0.0033913176114802874,2.637911496706065,1.1178161311729446,True,1.4142135623730951
pair_140,1,501.0,289.0,8.75,-1.0,0.9129143059253693,0.10124683380126953,0.5070805698633194,0.9399043948527807,0.01716031590162731,2.446175287262339,1.037101480225713,False,18.0
pair_140,2,501.0,289.0,8.75,-1.5,0.9126683175563812,0.10124683380126953,0.5069575756788254,0.9399043948527807,0.01716031590162731,2.446175287262339,1.036978486041219,False,18.0
pair_140,3,501.0,289.0,8.75,-2.5,0.9076677858829498,0.10124683380126953,0.5044573098421097,0.9399043948527807,0.01716031590162731,2.446175287262339,1.0344782202045033,False,18.0
pair_140,4,501.0,289.0,8.75,-3.5,0.8911449313163757,0.10124683380126953,0.49619588255882263,0.9399043948527807,0.01716031590162731,2.446175287262339,1.0262167929212163,False,18.0
pair_140,5,501.0,289.0,8.75,0.0,0.8834083378314972,0.10124683380126953,0.49232758581638336,0.9399043948527807,0.01716031590162731,2.446175287262339,1.022348496178777,False,18.0
pair_141,1,504.5,503.5,8.0,0.0,0.5966887101531029,0.42466574907302856,0.5106772296130657,0.9259259259259258,0.004084341878201006,1.288983184787346,0.9181701942452183,False,999.0
pair_141,2,504.5,503.5,8.0,-1.0,0.5960021540522575,0.42466574907302856,0.510333951562643,0.9259259259259258,0.004084341878201006,1.288983184787346,0.9178269161947956,False,999.0
pair_141,3,503.5,503.5,8.0,1.0,0.5951322466135025,0.42466574907302856,0.5098989978432655,0.9259259259259258,0.004084341878201006,1.288983184787346,0.9173919624754181,False,999.0
pair_141,4,503.5,503.5,8.0,-1.5,0.5935107618570328,0.42466574907302856,0.5090882554650307,0.9259259259259258,0.004084341878201006,1.288983184787346,0.9165812200971832,False,999.0
pair_141,5,503.5,503.5,8.0,-2.5,0.5856730043888092,0.42466574907302856,0.5051693767309189,0.9259259259259258,0.004084341878201006,1.288983184787346,0.9126623413630714,False,999.0
pair_142,1,504.5,504.5,8.0,0.0,0.6032184660434723,0.4165607690811157,0.509889617562294,0.9803921568627451,0.0044213928172840925,1.359990089168803,0.9408905521014547,False,999.0
pair_142,2,503.5,504.5,8.0,-1.0,0.6024295911192894,0.4165607690811157,0.5094951801002026,0.9803921568627451,0.0044213928172840925,1.359990089168803,0.9404961146393632,False,999.0
pair_142,3,503.5,504.5,8.0,1.0,0.6020756661891937,0.4165607690811157,0.5093182176351547,0.9803921568627451,0.0044213928172840925,1.359990089168803,0.9403191521743154,False,999.0
pair_142,4,503.5,504.5,8.0,-1.5,0.5998816415667534,0.4165607690811157,0.5082212053239346,0.9803921568627451,0.0044213928172840925,1.359990089168803,0.9392221398630952,False,999.0
pair_142,5,503.5,504.5,8.0,-2.5,0.5904881432652473,0.4165607690811157,0.5035244561731815,0.9803921568627451,0.0044213928172840925,1.359990089168803,0.9345253907123422,False,999.0
pair_143,1,460.5,543.5,11.75,1.0,0.5988128185272217,0.01739005371928215,0.3081014361232519,1.0,0.009772100867135865,0.9086341689979324,0.7009192731964724,False,999.0
pair_143,2,460.5,543.5,11.75,1.5,0.5970688238739967,0.01739005371928215,0.30722943879663944,1.0,0.009772100867135865,0.9086341689979324,0.7000472758698599,False,999.0
pair_143,3,460.5,497.5,12.0,-1.0,0.6020544618368149,0.009082559496164322,0.3055685106664896,1.0,0.007316754448508482,0.8693940063011356,0.693971262186305,False,999.0
pair_143,4,460.5,518.5,12.0,1.0,0.5979980751872063,0.012777525931596756,0.3053878005594015,0.9803921568627451,0.005402998118552187,0.8680600422911524,0.6873920514710506,False,999.0
pair_143,5,460.5,497.5,12.0,0.0,0.6008970439434052,0.009082559496164322,0.30498980171978474,1.0,0.007316754448508482,0.8693940063011356,0.6933925532396001,False,999.0
pair_144,1,460.5,543.5,11.75,1.0,0.5988128185272217,0.01739005371928215,0.3081014361232519,1.0,0.009772100867135865,0.9086341689979324,0.7009192731964724,False,999.0
pair_144,2,460.5,543.5,11.75,1.5,0.5970688238739967,0.01739005371928215,0.30722943879663944,1.0,0.009772100867135865,0.9086341689979324,0.7000472758698599,False,999.0
pair_144,3,460.5,497.5,12.0,-1.0,0.6020544618368149,0.009082559496164322,0.3055685106664896,1.0,0.007316754448508482,0.8693940063011356,0.693971262186305,False,999.0
pair_144,4,460.5,518.5,12.0,1.0,0.5979980751872063,0.012777525931596756,0.3053878005594015,0.9803921568627451,0.005402998118552187,0.8680600422911524,0.6873920514710506,False,999.0
pair_144,5,460.5,497.5,12.0,0.0,0.6008970439434052,0.009082559496164322,0.30498980171978474,1.0,0.007316754448508482,0.8693940063011356,0.6933925532396001,False,999.0
pair_145,1,517.5,505.5,12.0,5.0,0.5783423185348511,0.2199213206768036,0.39913181960582733,0.9803921568627451,0.007278820916318253,0.9661135936111404,0.7913165902090284,False,999.0
pair_145,2,517.5,505.5,12.0,4.0,0.5779282301664352,0.2199213206768036,0.3989247754216194,0.9803921568627451,0.007278820916318253,0.9661135936111404,0.7911095460248205,False,999.0
pair_145,3,517.5,505.5,12.0,3.5,0.5767962411046028,0.2199213206768036,0.3983587808907032,0.9803921568627451,0.007278820916318253,0.9661135936111404,0.7905435514939043,False,999.0
pair_145,4,517.5,505.5,12.0,2.5,0.572034016251564,0.2199213206768036,0.3959776684641838,0.9803921568627451,0.007278820916318253,0.9661135936111404,0.7881624390673849,False,999.0
pair_145,5,166.5,588.5,9.75,0.0,0.5776961520314217,0.13049721717834473,0.3540966846048832,0.9615384615384615,0.00621117510006658,1.0250454031609462,0.7463049984025296,False,999.0
pair_146,1,517.5,505.5,12.0,5.0,0.5783423185348511,0.2199213206768036,0.39913181960582733,0.9803921568627451,0.007278820916318253,0.9661135936111404,0.7913165902090284,False,999.0
pair_146,2,517.5,505.5,12.0,4.0,0.5779282301664352,0.2199213206768036,0.3989247754216194,0.9803921568627451,0.007278820916318253,0.9661135936111404,0.7911095460248205,False,999.0
pair_146,3,517.5,505.5,12.0,3.5,0.5767962411046028,0.2199213206768036,0.3983587808907032,0.9803921568627451,0.007278820916318253,0.9661135936111404,0.7905435514939043,False,999.0
pair_146,4,517.5,505.5,12.0,2.5,0.572034016251564,0.2199213206768036,0.3959776684641838,0.9803921568627451,0.007278820916318253,0.9661135936111404,0.7881624390673849,False,999.0
pair_146,5,166.5,588.5,9.75,0.0,0.5776961520314217,0.13049721717834473,0.3540966846048832,0.9615384615384615,0.00621117510006658,1.0250454031609462,0.7463049984025296,False,999.0
pair_147,1,375.5,473.5,10.75,3.5,0.5379893407225609,0.3762054741382599,0.4570974074304104,0.9803921568627451,0.007141495923575369,1.0127364669228531,0.8539170003662343,False,999.0
pair_147,2,567.5,533.5,11.0,-2.5,0.5604401975870132,0.32995614409446716,0.4451981708407402,1.0,0.008150803113475952,0.948035527460868,0.8416318842095223,False,999.0
pair_147,3,567.5,533.5,10.75,-1.5,0.5569378361105919,0.32995614409446716,0.4434469901025295,1.0,0.008150803113475952,0.948035527460868,0.8398807034713116,False,999.0
pair_147,4,568.5,534.5,11.25,-3.5,0.5546528771519661,0.32995614409446716,0.44230451062321663,1.0,0.008150803113475952,0.948035527460868,0.8387382239919987,False,999.0
pair_147,5,567.5,533.5,10.75,-2.5,0.5517043247818947,0.32995614409446716,0.4408302344381809,1.0,0.008150803113475952,0.948035527460868,0.837263947806963,False,999.0
pair_148,1,375.5,473.5,10.75,3.5,0.5379893407225609,0.3762054741382599,0.4570974074304104,0.9803921568627451,0.007141495923575369,1.0127364669228531,0.8539170003662343,False,999.0
pair_148,2,567.5,533.5,11.0,-2.5,0.5604401975870132,0.32995614409446716,0.4451981708407402,1.0,0.008150803113475952,0.948035527460868,0.8416318842095223,False,999.0
pair_148,3,567.5,533.5,10.75,-1.5,0.5569378361105919,0.32995614409446716,0.4434469901025295,1.0,0.008150803113475952,0.948035527460868,0.8398807034713116,False,999.0
pair_148,4,568.5,534.5,11.25,-3.5,0.5546528771519661,0.32995614409446716,0.44230451062321663,1.0,0.008150803113475952,0.948035527460868,0.8387382239919987,False,999.0
pair_148,5,567.5,533.5,10.75,-2.5,0.5517043247818947,0.32995614409446716,0.4408302344381809,1.0,0.008150803113475952,0.948035527460868,0.837263947806963,False,999.0
pair_149,1,695.5,211.5,9.75,-1.0,0.7599964141845703,0.7163121104240417,0.738154262304306,0.9259259259259258,0.01660343714446209,1.0192453603530092,1.1211772635462771,False,999.0
pair_149,2,667.5,67.5,9.75,1.0,0.761106938123703,0.7163121104240417,0.7387095242738724,0.9615384615384615,0.026328000936425584,1.0812738435968259,1.1405640472823784,False,999.0
pair_149,3,500.5,523.5,9.75,1.5,0.7564168274402618,0.6585202217102051,0.7074685245752335,0.9259259259259258,0.009791896552618693,1.172377677945502,1.1044424494580851,False,999.0
pair_149,4,499.5,499.5,9.75,2.5,0.7385601103305817,0.6730037927627563,0.705781951546669,0.9259259259259258,0.006782665517232479,1.1340169384792886,1.098317956275822,False,999.0
pair_149,5,612.5,67.5,9.75,0.0,0.758196085691452,0.7163121104240417,0.7372540980577469,0.9615384615384615,0.026328000936425584,1.0812738435968259,1.1391086210662529,False,999.0
pair_150,1,695.5,211.5,9.75,-1.0,0.7599964141845703,0.7163121104240417,0.738154262304306,0.9259259259259258,0.01660343714446209,1.0192453603530092,1.1211772635462771,False,999.0
pair_150,2,667.5,67.5,9.75,1.0,0.761106938123703,0.7163121104240417,0.7387095242738724,0.9615384615384615,0.026328000936425584,1.0812738435968259,1.1405640472823784,False,999.0
pair_150,3,500.5,523.5,9.75,1.5,0.7564168274402618,0.6585202217102051,0.7074685245752335,0.9259259259259258,0.009791896552618693,1.172377677945502,1.1044424494580851,False,999.0
pair_150,4,499.5,499.5,9.75,2.5,0.7385601103305817,0.6730037927627563,0.705781951546669,0.9259259259259258,0.006782665517232479,1.1340169384792886,1.098317956275822,False,999.0
pair_150,5,612.5,67.5,9.75,0.0,0.758196085691452,0.7163121104240417,0.7372540980577469,0.9615384615384615,0.026328000936425584,1.0812738435968259,1.1391086210662529,False,999.0
pair_151,1,509.5,521.5,12.0,1.5,0.5732702314853668,0.5109626650810242,0.5421164482831955,0.946969697824906,0.009085528486212214,1.025875730690181,0.9306120363969278,False,999.0
pair_151,2,509.5,521.5,12.0,2.5,0.5717450007796288,0.5109626650810242,0.5413538329303265,0.946969697824906,0.009085528486212214,1.025875730690181,0.9298494210440588,False,999.0
pair_151,3,509.5,521.5,12.0,3.5,0.569826528429985,0.5109626054763794,0.5403945669531822,0.946969697824906,0.009085528486212214,1.025875730690181,0.9288901550669145,False,999.0
pair_151,4,507.5,524.5,12.0,-2.5,0.5858680307865143,0.3532467484474182,0.46955738961696625,0.9615384615384615,0.0088894178644572,1.0589803812367897,0.8656948497750752,False,999.0
pair_151,5,507.5,524.5,12.0,-1.5,0.5841632708907127,0.3532467484474182,0.4687050096690655,0.9615384615384615,0.0088894178644572,1.0589803812367897,0.8648424698271744,False,999.0
pair_152,1,509.5,521.5,12.0,1.5,0.5733675360679626,0.5099048614501953,0.541636198759079,0.946969697824906,0.009121486778478165,1.017676659287289,0.9293190713909752,False,999.0
pair_152,2,509.5,521.5,12.0,2.5,0.5718262419104576,0.5099048614501953,0.5408655516803265,0.946969697824906,0.009121486778478165,1.017676659287289,0.9285484243122227,False,999.0
pair_152,3,509.5,521.5,12.0,3.5,0.5698943585157394,0.5099048614501953,0.5398996099829674,0.946969697824906,0.009121486778478165,1.017676659287289,0.9275824826148636,False,999.0
pair_152,4,507.5,524.5,12.0,-2.5,0.585478387773037,0.35255855321884155,0.46901847049593925,0.9615384615384615,0.008911695876192657,1.0511326509063923,0.8643756132233554,False,999.0
pair_152,5,507.5,524.5,12.0,-1.5,0.5837685167789459,0.35255855321884155,0.46816353499889374,0.9615384615384615,0.008911695876192657,1.0511326509063923,0.8635206777263099,False,999.0
pair_153,1,522.5,525.5,9.75,0.0,0.6357267200946808,0.7654533386230469,0.7005900293588638,0.9259259259259258,0.01910432297237166,0.23793808699805477,1.0059824804309212,False,999.0
pair_153,2,523.0,526.0,10.0,0.0,0.6238598600029945,0.7075306177139282,0.6656952388584614,0.9090909090909091,0.02036621207332307,0.3116101160537399,0.9736567656057727,False,999.0
pair_153,3,524.0,526.0,10.25,1.0,0.6380151063203812,0.6569872498512268,0.647501178085804,0.8928571428571428,0.02236159526936535,0.3806185062223803,0.9578924906190578,False,999.0
pair_153,4,524.0,526.0,10.25,0.0,0.6335335969924927,0.6569872498512268,0.6452604234218597,0.8928571428571428,0.02236159526936535,0.3806185062223803,0.9556517359551135,False,999.0
pair_153,5,524.0,527.0,10.25,1.5,0.6356825232505798,0.6362666487693787,0.6359745860099792,0.8928571428571428,0.022260819402974055,0.38425966322974353,0.9467098590706912,False,999.0
pair_154,1,522.5,525.5,9.75,0.0,0.6357267200946808,0.7654533386230469,0.7005900293588638,0.9259259259259258,0.01910432297237166,0.23793808699805477,1.0059824804309212,False,999.0
pair_154,2,523.0,526.0,10.0,0.0,0.6238598600029945,0.7075306177139282,0.6656952388584614,0.9090909090909091,0.02036621207332307,0.3116101160537399,0.9736567656057727,False,999.0
pair_154,3,524.0,526.0,10.25,1.0,0.6380151063203812,0.6569872498512268,0.647501178085804,0.8928571428571428,0.02236159526936535,0.3806185062223803,0.9578924906190578,False,999.0
pair_154,4,524.0,526.0,10.25,0.0,0.6335335969924927,0.6569872498512268,0.6452604234218597,0.8928571428571428,0.02236159526936535,0.3806185062223803,0.9556517359551135,False,999.0
pair_154,5,524.0,527.0,10.25,1.5,0.6356825232505798,0.6362666487693787,0.6359745860099792,0.8928571428571428,0.022260819402974055,0.38425966322974353,0.9467098590706912,False,999.0
pair_155,1,518.5,510.5,12.0,-1.5,0.683014765381813,-0.02853805013000965,0.3272383576259017,0.9803921568627451,0.0054280267726554724,1.0336901383691883,0.7258106238761751,False,999.0
pair_155,2,517.5,510.5,12.0,-2.5,0.6668714731931686,-0.02853805013000965,0.3191667115315795,0.9803921568627451,0.0054280267726554724,1.0336901383691883,0.7177389777818529,False,999.0
pair_155,3,648.5,432.5,12.0,-1.0,0.6934085935354233,-0.03538732975721359,0.32901063188910484,1.0,0.009792089398754963,0.9503642757057501,0.7260054773394309,False,999.0
pair_155,4,518.5,510.5,11.75,-1.5,0.6619932502508163,-0.02853805013000965,0.31672760006040335,0.9803921568627451,0.0054280267726554724,1.0336901383691883,0.7152998663106768,False,999.0
pair_155,5,518.5,509.5,11.25,-1.0,0.6349821835756302,-0.02853805013000965,0.30322206672281027,0.9803921568627451,0.0054280267726554724,1.0336901383691883,0.7017943329730837,False,999.0
pair_156,1,518.5,510.5,12.0,-1.5,0.683014765381813,-0.02853805013000965,0.3272383576259017,0.9803921568627451,0.0054280267726554724,1.0336901383691883,0.7258106238761751,False,999.0
pair_156,2,517.5,510.5,12.0,-2.5,0.6668714731931686,-0.02853805013000965,0.3191667115315795,0.9803921568627451,0.0054280267726554724,1.0336901383691883,0.7177389777818529,False,999.0
pair_156,3,648.5,432.5,12.0,-1.0,0.6934085935354233,-0.03538732975721359,0.32901063188910484,1.0,0.009792089398754963,0.9503642757057501,0.7260054773394309,False,999.0
pair_156,4,518.5,510.5,11.75,-1.5,0.6619932502508163,-0.02853805013000965,0.31672760006040335,0.9803921568627451,0.0054280267726554724,1.0336901383691883,0.7152998663106768,False,999.0
pair_156,5,518.5,509.5,11.25,-1.0,0.6349821835756302,-0.02853805013000965,0.30322206672281027,0.9803921568627451,0.0054280267726554724,1.0336901383691883,0.7017943329730837,False,999.0
pair_157,1,491.5,502.5,10.75,-1.5,0.5630112811923027,0.6286155581474304,0.5958134196698666,0.9615384615384615,0.008393053846925172,1.1371960494033029,0.9996731738411203,False,999.0
pair_157,2,491.5,502.5,11.0,-3.5,0.5611040405929089,0.6286155581474304,0.5948597993701696,0.9615384615384615,0.008393053846925172,1.1371960494033029,0.9987195535414234,False,999.0
pair_157,3,491.5,502.5,10.75,-3.5,0.5588440261781216,0.6286155581474304,0.593729792162776,0.9615384615384615,0.008393053846925172,1.1371960494033029,0.9975895463340297,False,999.0
pair_157,4,508.5,502.5,10.75,1.0,0.5659969449043274,0.6082563996315002,0.5871266722679138,0.9615384615384615,0.008916770727076109,1.1218508813823769,0.9895566530131051,False,999.0
pair_157,5,507.5,502.5,10.75,1.5,0.5655584782361984,0.6082563996315002,0.5869074389338493,0.9615384615384615,0.008916770727076109,1.1218508813823769,0.9893374196790407,False,999.0
pair_158,1,491.5,502.5,10.75,-1.5,0.5630112811923027,0.6286155581474304,0.5958134196698666,0.9615384615384615,0.008393053846925172,1.1371960494033029,0.9996731738411203,False,999.0
pair_158,2,491.5,502.5,11.0,-3.5,0.5611040405929089,0.6286155581474304,0.5948597993701696,0.9615384615384615,0.008393053846925172,1.1371960494033029,0.9987195535414234,False,999.0
pair_158,3,491.5,502.5,10.75,-3.5,0.5588440261781216,0.6286155581474304,0.593729792162776,0.9615384615384615,0.008393053846925172,1.1371960494033029,0.9975895463340297,False,999.0
pair_158,4,508.5,502.5,10.75,1.0,0.5659969449043274,0.6082563996315002,0.5871266722679138,0.9615384615384615,0.008916770727076109,1.1218508813823769,0.9895566530131051,False,999.0
pair_158,5,507.5,502.5,10.75,1.5,0.5655584782361984,0.6082563996315002,0.5869074389338493,0.9615384615384615,0.008916770727076109,1.1218508813823769,0.9893374196790407,False,999.0
pair_159,1,471.5,474.5,11.0,-1.5,0.5684758573770523,0.047409772872924805,0.30794281512498856,1.0,0.02640773679451436,0.9702041220311366,0.7102447746870051,False,999.0
pair_159,2,471.5,473.5,10.75,-1.5,0.5663002356886864,0.047409772872924805,0.3068550042808056,1.0,0.02640773679451436,0.9702041220311366,0.7091569638428221,False,999.0
pair_159,3,471.5,473.5,10.75,-2.5,0.5615124702453613,0.047409772872924805,0.30446112155914307,1.0,0.02640773679451436,0.9702041220311366,0.7067630811211596,False,999.0
pair_159,4,471.0,539.0,9.25,-1.0,0.5862399488687515,0.007720941677689552,0.29698044527322054,0.9433962264150942,0.01623195820406551,0.9269540530936808,0.67594111014793,False,999.0
pair_159,5,505.5,475.5,11.0,-3.5,0.5682289451360703,-0.010971873998641968,0.27862853556871414,1.0,0.01838223425802912,1.102517111045421,0.6925566935248622,False,999.0
pair_160,1,471.5,474.5,11.0,-1.5,0.5684758573770523,0.047409772872924805,0.30794281512498856,1.0,0.02640773679451436,0.9702041220311366,0.7102447746870051,False,999.0
pair_160,2,471.5,473.5,10.75,-1.5,0.5663002356886864,0.047409772872924805,0.3068550042808056,1.0,0.02640773679451436,0.9702041220311366,0.7091569638428221,False,999.0
pair_160,3,471.5,473.5,10.75,-2.5,0.5615124702453613,0.047409772872924805,0.30446112155914307,1.0,0.02640773679451436,0.9702041220311366,0.7067630811211596,False,999.0
pair_160,4,471.0,539.0,9.25,-1.0,0.5862399488687515,0.007720941677689552,0.29698044527322054,0.9433962264150942,0.01623195820406551,0.9269540530936808,0.67594111014793,False,999.0
pair_160,5,505.5,475.5,11.0,-3.5,0.5682289451360703,-0.010971873998641968,0.27862853556871414,1.0,0.01838223425802912,1.102517111045421,0.6925566935248622,False,999.0
pair_161,1,530.5,535.5,9.75,3.5,0.577704094350338,0.5081824660301208,0.5429432801902294,1.0,0.007707860742015507,1.0103778965290178,0.9455226419915344,False,999.0
pair_161,2,530.0,535.0,10.0,2.5,0.5707927718758583,0.5091114640235901,0.5399521179497242,1.0,0.008753089722148591,1.01104877525655,0.942807613419809,False,999.0
pair_161,3,491.0,499.0,8.75,-1.0,0.621708482503891,0.42482584714889526,0.5232671648263931,0.9803921568627451,0.01391431978595853,1.176282674087492,0.9377959432511576,False,999.0
pair_161,4,491.0,499.0,8.75,-1.5,0.6192698106169701,0.42482584714889526,0.5220478288829327,0.9803921568627451,0.01391431978595853,1.176282674087492,0.9365766073076971,False,999.0
pair_161,5,511.5,536.5,9.75,2.5,0.5841894000768661,0.46396905183792114,0.5240792259573936,1.0,0.007891643488212089,1.0103778965290178,0.9266953443079379,False,999.0
pair_162,1,530.5,535.5,9.75,3.5,0.577704094350338,0.5081824660301208,0.5429432801902294,1.0,0.007707860742015507,1.0103778965290178,0.9455226419915344,False,999.0
pair_162,2,530.0,535.0,10.0,2.5,0.5707927718758583,0.5091114640235901,0.5399521179497242,1.0,0.0087530693901225,1.01104877525655,0.9428076093534038,False,999.0
pair_162,3,491.0,499.0,8.75,-1.0,0.621708482503891,0.42482584714889526,0.5232671648263931,0.9803921568627451,0.01391431978595853,1.176282674087492,0.9377959432511576,False,999.0
pair_162,4,491.0,499.0,8.75,-1.5,0.6192698106169701,0.42482584714889526,0.5220478288829327,0.9803921568627451,0.01391431978595853,1.176282674087492,0.9365766073076971,False,999.0
pair_162,5,511.5,536.5,9.75,2.5,0.5841894000768661,0.46396905183792114,0.5240792259573936,1.0,0.007891643488212089,1.0103778965290178,0.9266953443079379,False,999.0
pair_163,1,520.0,480.0,10.0,1.5,0.5777548104524612,0.41210487484931946,0.49492984265089035,1.0,0.016808490939083386,1.10902707985233,0.9091942488239402,False,999.0
pair_163,2,520.5,479.5,9.75,1.5,0.5758427381515503,0.41210487484931946,0.4939738065004349,1.0,0.016808490939083386,1.10902707985233,0.9082382126734847,False,999.0
pair_163,3,521.0,479.0,10.25,4.0,0.5821395441889763,0.4013339579105377,0.491736751049757,1.0,0.016183943924562304,1.0949219739997331,0.9044657372346429,False,999.0
pair_163,4,521.0,479.0,10.25,5.0,0.581365242600441,0.4013339579105377,0.49134960025548935,1.0,0.016183943924562304,1.0949219739997331,0.9040785864403752,False,999.0
pair_163,5,520.0,479.0,10.25,1.5,0.5853452384471893,0.3917578458786011,0.4885515421628952,1.0,0.017846231198595935,1.1041225015893699,0.9025330385615514,False,999.0
pair_164,1,520.0,480.0,10.0,1.5,0.5777548104524612,0.41210487484931946,0.49492984265089035,1.0,0.016808490939083386,1.10902707985233,0.9091942488239402,False,999.0
pair_164,2,520.5,479.5,9.75,1.5,0.5758427381515503,0.41210487484931946,0.4939738065004349,1.0,0.016808490939083386,1.10902707985233,0.9082382126734847,False,999.0
pair_164,3,521.0,479.0,10.25,4.0,0.5821395441889763,0.4013339579105377,0.491736751049757,1.0,0.016183943924562304,1.0949219739997331,0.9044657372346429,False,999.0
pair_164,4,521.0,479.0,10.25,5.0,0.581365242600441,0.4013339579105377,0.49134960025548935,1.0,0.016183943924562304,1.0949219739997331,0.9040785864403752,False,999.0
pair_164,5,520.0,479.0,10.25,1.5,0.5853452384471893,0.3917578458786011,0.4885515421628952,1.0,0.017846231198595935,1.1041225015893699,0.9025330385615514,False,999.0
pair_165,1,504.5,505.5,10.75,-5.0,0.5783824324607849,0.08386469632387161,0.33112356439232826,0.9803921568627451,0.0024849635653698948,1.3014398029138332,0.7558821844556091,False,999.0
pair_165,2,499.5,507.5,10.75,0.0,0.5694421008229256,-0.052787523716688156,0.2583272885531187,1.0,0.014154183772284765,1.325267779200625,0.6936849032276382,False,999.0
pair_165,3,499.5,499.5,12.0,0.0,0.5798902362585068,-0.08542574197053909,0.24723224714398384,0.9259259259259258,0.016574467227783857,1.3247852256395183,0.6608034409312702,False,999.0
pair_165,4,500.5,506.5,11.75,-1.0,0.6047922447323799,-0.10960552841424942,0.24759335815906525,0.9803921568627451,0.00697901848178356,1.3124632665654903,0.6743531355707945,False,999.0
pair_165,5,500.5,506.5,11.75,1.0,0.6039211973547935,-0.10960552841424942,0.24715783447027206,0.9803921568627451,0.00697901848178356,1.3124632665654903,0.6739176118820013,False,999.0
pair_166,1,504.5,505.5,10.75,-5.0,0.5783824324607849,0.08386469632387161,0.33112356439232826,0.9803921568627451,0.0024849635653698948,1.3014398029138332,0.7558821844556091,False,999.0
pair_166,2,499.5,507.5,10.75,0.0,0.5694421008229256,-0.052787523716688156,0.2583272885531187,1.0,0.014154183772284765,1.325267779200625,0.6936849032276382,False,999.0
pair_166,3,499.5,499.5,12.0,0.0,0.5798902362585068,-0.08542574197053909,0.24723224714398384,0.9259259259259258,0.016574467227783857,1.3247852256395183,0.6608034409312702,False,999.0
pair_166,4,500.5,506.5,11.75,-1.0,0.6047922447323799,-0.10960552841424942,0.24759335815906525,0.9803921568627451,0.00697901848178356,1.3124632665654903,0.6743531355707945,False,999.0
pair_166,5,500.5,506.5,11.75,1.0,0.6039211973547935,-0.10960552841424942,0.24715783447027206,0.9803921568627451,0.00697901848178356,1.3124632665654903,0.6739176118820013,False,999.0
pair_167,1,509.0,498.0,10.0,3.5,0.5390850901603699,0.2413305789232254,0.39020783454179764,0.9615384615384615,0.010170553688781314,1.045296630720274,0.7852331468131197,False,999.0
pair_167,2,509.5,510.5,9.75,1.5,0.5453926771879196,0.2255626767873764,0.385477676987648,0.9803921568627451,0.014413932951112294,1.055517725881995,0.7880298832248934,False,999.0
pair_167,3,549.0,546.0,10.0,1.5,0.5423227660357952,0.21687476336956024,0.3795987647026777,0.9615384615384615,0.021143512090295948,1.0303262218068037,0.7753216277629558,False,999.0
pair_167,4,509.0,509.0,10.25,3.5,0.5388250984251499,0.15467533469200134,0.34675021655857563,0.9615384615384615,0.011225995087978342,1.0566765776004727,0.743124611797757,False,999.0
pair_167,5,499.0,510.0,10.0,2.5,0.5429671369493008,0.14602753520011902,0.3444973360747099,0.9615384615384615,0.014413921485304222,1.0585323012243852,0.7416948889557476,False,999.0
pair_168,1,509.0,498.0,10.0,3.5,0.5390850901603699,0.2413305789232254,0.39020783454179764,0.9615384615384615,0.010170553688781314,1.045296630720274,0.7852331468131197,False,999.0
pair_168,2,509.5,510.5,9.75,1.5,0.5453926771879196,0.2255626767873764,0.385477676987648,0.9803921568627451,0.014413932951112294,1.055517725881995,0.7880298832248934,False,999.0
pair_168,3,549.0,546.0,10.0,1.5,0.5423227660357952,0.21687476336956024,0.3795987647026777,0.9615384615384615,0.021143512090295948,1.0303262218068037,0.7753216277629558,False,999.0
pair_168,4,509.0,509.0,10.25,3.5,0.5388250984251499,0.15467533469200134,0.34675021655857563,0.9615384615384615,0.011225995087978342,1.0566765776004727,0.743124611797757,False,999.0
pair_168,5,499.0,510.0,10.0,2.5,0.5429671369493008,0.14602753520011902,0.3444973360747099,0.9615384615384615,0.014413921485304222,1.0585323012243852,0.7416948889557476,False,999.0
pair_169,1,506.5,507.5,9.75,1.5,0.5883940383791924,0.6022248864173889,0.5953094623982906,1.0,0.007381546671006416,1.0563186725590836,1.0024176389884003,False,999.0
pair_169,2,506.5,507.5,9.75,2.5,0.5866665318608284,0.6022248864173889,0.5944457091391087,1.0,0.007381546671006416,1.0563186725590836,1.0015538857292183,False,999.0
pair_169,3,506.5,507.5,9.75,1.0,0.5862814858555794,0.6022248864173889,0.5942531861364841,1.0,0.007381546671006416,1.0563186725590836,1.0013613627265938,False,999.0
pair_169,4,506.0,508.0,10.25,3.5,0.5784594491124153,0.6022248864173889,0.5903421677649021,1.0,0.007381546671006416,1.0563186725590836,0.9974503443550118,False,999.0
pair_169,5,507.0,508.0,10.25,1.5,0.5990335717797279,0.5770070552825928,0.5880203135311604,1.0,0.009207223553042371,1.0585513548618046,0.9957168937279492,False,999.0
pair_170,1,506.5,507.5,9.75,1.5,0.5883940383791924,0.6022248864173889,0.5953094623982906,1.0,0.007381546671006416,1.0563186725590836,1.0024176389884003,False,999.0
pair_170,2,506.5,507.5,9.75,2.5,0.5866665318608284,0.6022248864173889,0.5944457091391087,1.0,0.007381546671006416,1.0563186725590836,1.0015538857292183,False,999.0
pair_170,3,506.5,507.5,9.75,1.0,0.5862814858555794,0.6022248864173889,0.5942531861364841,1.0,0.007381546671006416,1.0563186725590836,1.0013613627265938,False,999.0
pair_170,4,506.0,508.0,10.25,3.5,0.5784594491124153,0.6022248864173889,0.5903421677649021,1.0,0.007381546671006416,1.0563186725590836,0.9974503443550118,False,999.0
pair_170,5,507.0,508.0,10.25,1.5,0.5990335717797279,0.5770070552825928,0.5880203135311604,1.0,0.009207223553042371,1.0585513548618046,0.9957168937279492,False,999.0
pair_171,1,857.5,890.5,10.75,0.0,0.5964842587709427,0.2795044779777527,0.4379943683743477,1.0,0.09875756369370474,1.0038969412113432,0.858135575234223,False,999.0
pair_171,2,467.0,484.0,8.75,-5.0,0.5891572684049606,0.2158583104610443,0.40250778943300247,1.0,0.010103828670730093,0.995107543490357,0.8040393095161842,False,999.0
pair_171,3,858.5,890.5,11.0,0.0,0.5942869111895561,0.2795044779777527,0.4368956945836544,1.0,0.09875756369370474,1.0038969412113432,0.8570369014435297,False,999.0
pair_171,4,858.5,890.5,11.0,1.0,0.5941317453980446,0.2795044779777527,0.43681811168789864,1.0,0.09875756369370474,1.0038969412113432,0.856959318547774,False,999.0
pair_171,5,858.5,890.5,11.0,-1.0,0.591512493789196,0.2795044779777527,0.43550848588347435,1.0,0.09875756369370474,1.0038969412113432,0.8556496927433497,False,999.0
pair_172,1,506.5,505.5,11.0,-1.5,0.6002592369914055,0.3619685173034668,0.48111387714743614,0.9433962264150942,0.008265921706818483,1.1502313244229383,0.8808090618556219,False,999.0
pair_172,2,505.5,505.5,11.25,-1.5,0.5960644111037254,0.3619685173034668,0.4790164642035961,0.9433962264150942,0.008265921706818483,1.1502313244229383,0.8787116489117819,False,999.0
pair_172,3,505.5,505.5,11.25,-2.5,0.5949537381529808,0.3619685173034668,0.4784611277282238,0.9433962264150942,0.008265921706818483,1.1502313244229383,0.8781563124364096,False,999.0
pair_172,4,506.5,505.5,10.75,-1.5,0.5932545736432076,0.3619685173034668,0.4776115454733372,0.9433962264150942,0.008265921706818483,1.1502313244229383,0.8773067301815229,False,999.0
pair_172,5,506.5,505.5,10.75,1.5,0.5915619060397148,0.3619685173034668,0.4767652116715908,0.9433962264150942,0.008265921706818483,1.1502313244229383,0.8764603963797766,False,999.0
pair_173,1,529.5,550.5,10.75,5.0,0.6060138866305351,0.455302894115448,0.5306583903729916,1.0,0.04394610300485174,0.9858103866484635,0.9380286496388083,False,999.0
pair_173,2,483.5,550.5,10.75,-1.5,0.5920940190553665,0.4374077320098877,0.5147508755326271,1.0,0.04351131916531478,0.9871910181425626,0.9221722411799463,False,999.0
pair_173,3,577.5,550.5,10.75,4.0,0.605163499712944,0.4119638204574585,0.5085636600852013,1.0,0.04394610300485174,1.000738080941071,0.9174266887802788,False,999.0
pair_173,4,577.5,550.5,10.75,1.0,0.604904867708683,0.4119638204574585,0.5084343440830708,1.0,0.04394610300485174,1.000738080941071,0.9172973727781483,False,999.0
pair_173,5,577.5,550.5,10.75,3.5,0.6042911633849144,0.4119638204574585,0.5081274919211864,1.0,0.04394610300485174,1.000738080941071,0.916990520616264,False,999.0
pair_174,1,438.5,547.5,10.75,-5.0,0.585051454603672,0.4679049551486969,0.5264782048761845,1.0,0.04110949161267827,0.988887434386328,0.933588846637353,False,999.0
pair_174,2,438.5,547.5,10.75,-4.0,0.5781560465693474,0.4679049551486969,0.5230305008590221,1.0,0.04110949161267827,0.988887434386328,0.9301411426201907,False,999.0
pair_174,3,481.5,552.5,11.25,-1.0,0.6326392889022827,0.37817567586898804,0.5054074823856354,0.9803921568627451,0.054015848652473636,0.989268644729896,0.9092551636479432,False,999.0
pair_174,4,529.5,550.5,10.75,5.0,0.6119780987501144,0.39563992619514465,0.5038090124726295,1.0,0.04394610300485174,0.9858103866484635,0.9111792717384463,False,999.0
pair_174,5,481.5,552.5,11.25,-1.5,0.6274785101413727,0.37817567586898804,0.5028270930051804,0.9803921568627451,0.054015848652473636,0.989268644729896,0.9066747742674882,False,999.0
pair_175,1,373.0,545.0,10.25,-2.5,0.6021926626563072,0.5405681133270264,0.5713803879916668,0.9803921568627451,0.03344823286432526,0.9024607666137968,0.9624337582847351,False,999.0
pair_175,2,373.0,545.0,10.25,-3.5,0.601861447095871,0.5405681133270264,0.5712147802114487,0.9803921568627451,0.03344823286432526,0.9024607666137968,0.962268150504517,False,999.0
pair_175,3,439.0,545.0,10.0,-2.5,0.5936233401298523,0.539616048336029,0.5666196942329407,0.9803921568627451,0.033448194308622274,0.8958932257712897,0.9570163027306176,False,999.0
pair_175,4,373.0,545.0,10.0,-1.5,0.596502386033535,0.5405681133270264,0.5685352496802807,0.9803921568627451,0.03344823286432526,0.9024607666137968,0.959588619973349,False,999.0
pair_175,5,373.0,546.0,10.25,-1.5,0.6033363491296768,0.49644625186920166,0.5498913004994392,0.9615384615384615,0.0332290755860601,0.9022219458215245,0.9352208486603422,False,999.0
pair_176,1,373.0,545.0,10.25,-2.5,0.6021926626563072,0.5405681133270264,0.5713803879916668,0.9803921568627451,0.03344823286432526,0.9024607666137968,0.9624337582847351,False,999.0
pair_176,2,373.0,545.0,10.25,-3.5,0.601861447095871,0.5405681133270264,0.5712147802114487,0.9803921568627451,0.03344823286432526,0.9024607666137968,0.962268150504517,False,999.0
pair_176,3,439.0,545.0,10.0,-2.5,0.5936233401298523,0.539616048336029,0.5666196942329407,0.9803921568627451,0.033448194308622274,0.8958932257712897,0.9570163027306176,False,999.0
pair_176,4,373.0,545.0,10.0,-1.5,0.596502386033535,0.5405681133270264,0.5685352496802807,0.9803921568627451,0.03344823286432526,0.9024607666137968,0.959588619973349,False,999.0
pair_176,5,373.0,546.0,10.25,-1.5,0.6033363491296768,0.49644625186920166,0.5498913004994392,0.9615384615384615,0.0332290755860601,0.9022219458215245,0.9352208486603422,False,999.0
pair_177,1,432.0,529.0,9.25,0.0,0.6445870101451874,0.4219784438610077,0.5332827270030975,0.9803921568627451,0.03281062945663953,0.9975934183771822,0.9337218417909672,False,999.0
pair_177,2,432.0,528.0,9.25,1.0,0.6500823944807053,0.346823126077652,0.4984527602791786,0.9615384615384615,0.03188856566201321,0.9964146960954005,0.8929334814826597,False,999.0
pair_177,3,432.0,528.0,9.25,-1.0,0.6481935083866119,0.346823126077652,0.49750831723213196,0.9615384615384615,0.03188856566201321,0.9964146960954005,0.8919890384356131,False,999.0
pair_177,4,432.0,528.0,9.25,-1.5,0.6444734185934067,0.346823126077652,0.4956482723355293,0.9615384615384615,0.03188856566201321,0.9964146960954005,0.8901289935390104,False,999.0
pair_177,5,432.0,913.0,9.25,1.5,0.6530806869268417,0.38458991050720215,0.5188352987170219,0.9803921568627451,0.06467053511931521,0.9668647785569637,0.9225735306554048,False,999.0
pair_178,1,58.5,958.5,12.0,-5.0,0.650605097413063,0.2956462502479553,0.4731256738305092,1.0,0.1699356395873932,1.007936029230118,0.9079064046709997,False,999.0
pair_178,2,58.5,958.5,12.0,-4.0,0.6501228511333466,0.2956462502479553,0.47288455069065094,1.0,0.1699356395873932,1.007936029230118,0.9076652815311415,False,999.0
pair_178,3,937.5,918.5,8.25,2.5,0.6525013744831085,0.2104465663433075,0.431473970413208,0.9803921568627451,0.07389762145610115,0.9635757052198952,0.8367287122852413,False,999.0
pair_178,4,938.5,918.5,8.25,1.5,0.6522777676582336,0.2104465365409851,0.4313621520996094,0.9803921568627451,0.07389762145610115,0.9635757052198952,0.8366168939716426,False,999.0
pair_178,5,474.5,933.5,10.75,3.5,0.6444563269615173,0.19356410205364227,0.4190102145075798,0.9803921568627451,0.13837599954810145,1.0189411716355032,0.8426971786395739,False,999.0
pair_179,1,880.0,940.0,8.75,0.0,0.5731315314769745,0.39349186420440674,0.4833116978406906,1.0,0.1761009976562273,0.9802972292766086,0.916561620299597,False,999.0
pair_179,2,880.0,939.0,8.75,1.0,0.5747860744595528,0.3728492259979248,0.4738176502287388,1.0,0.17123921395434089,0.9839426614903677,0.9064597591686437,False,999.0
pair_179,3,450.5,428.5,8.0,-2.5,0.5816964879631996,0.195433109998703,0.3885647989809513,1.0,0.018651113842958096,0.9977404128523323,0.7920690630347762,False,999.0
pair_179,4,450.5,428.5,8.0,-3.5,0.572477400302887,0.195433109998703,0.383955255150795,1.0,0.018651113842958096,0.9977404128523323,0.7874595192046199,False,999.0
pair_179,5,884.0,941.0,9.25,0.0,0.5746413543820381,0.2566984295845032,0.41566989198327065,0.9803921568627451,0.17352304719077422,0.9815415568465149,0.8426463041649004,False,999.0
pair_180,1,880.0,940.0,8.75,0.0,0.5731315314769745,0.39349186420440674,0.4833116978406906,1.0,0.1761009976562273,0.9802972292766086,0.916561620299597,False,999.0
pair_180,2,880.0,939.0,8.75,1.0,0.5747860744595528,0.3728492259979248,0.4738176502287388,1.0,0.17123921395434089,0.9839426614903677,0.9064597591686437,False,999.0
pair_180,3,450.5,428.5,8.0,-2.5,0.5816964879631996,0.195433109998703,0.3885647989809513,1.0,0.01865113234502953,0.9977404128523323,0.7920690667351905,False,999.0
pair_180,4,450.5,428.5,8.0,-3.5,0.572477400302887,0.195433109998703,0.383955255150795,1.0,0.01865113234502953,0.9977404128523323,0.7874595229050342,False,999.0
pair_180,5,884.0,941.0,9.25,0.0,0.5746413543820381,0.2566984295845032,0.41566989198327065,0.9803921568627451,0.17352304719077422,0.9815415568465149,0.8426463041649004,False,999.0
pair_181,1,669.0,376.0,9.25,-2.5,0.955304741859436,0.8886317014694214,0.9219682216644287,0.9399043948527807,0.08033971935580311,0.9667434488677857,1.316681828878202,True,0.0
pair_181,2,669.0,376.0,9.25,-1.5,0.9549100399017334,0.8886317014694214,0.9217708706855774,0.9399043948527807,0.08033971935580311,0.9667434488677857,1.3164844778993507,True,0.0
pair_181,3,669.5,375.5,9.75,-1.5,0.9497529566287994,0.8898993730545044,0.9198261648416519,0.946969697824906,0.08037559529810058,0.9694864855419116,1.3169408418029351,True,0.7071067811865476
pair_181,4,669.5,375.5,9.75,-1.0,0.9468435645103455,0.8898993730545044,0.9183714687824249,0.946969697824906,0.08037559529810058,0.9694864855419116,1.3154861457437081,True,0.7071067811865476
pair_181,5,669.5,375.5,9.75,-2.5,0.9460722208023071,0.8898993730545044,0.9179857969284058,0.946969697824906,0.08037559529810058,0.9694864855419116,1.315100473889689,True,0.7071067811865476
pair_182,1,614.0,361.0,8.75,5.0,0.9758009910583496,0.8242684602737427,0.9000347256660461,0.9727626463656123,0.11474428395301813,1.0620112446928922,1.3210135008356227,True,0.0
pair_182,2,614.0,361.0,8.75,4.0,0.9695401191711426,0.8242684602737427,0.8969042897224426,0.9727626463656123,0.11474428395301813,1.0620112446928922,1.3178830648920192,True,0.0
pair_182,3,613.0,362.0,8.75,3.5,0.9617931842803955,0.8254782557487488,0.8936357200145721,1.0,0.11427007800258478,1.058298913793178,1.322319626994407,True,1.4142135623730951
pair_182,4,613.5,361.5,9.0,5.0,0.954743891954422,0.8279018402099609,0.8913228660821915,0.9803921568627451,0.11474170100589935,1.069529015679088,1.3153417549101034,True,0.7071067811865476
pair_182,5,613.5,361.5,9.0,4.0,0.9521332085132599,0.8279018402099609,0.8900175243616104,0.9803921568627451,0.11474170100589935,1.069529015679088,1.3140364131895224,True,0.7071067811865476
pair_183,1,520.5,510.5,9.75,2.5,0.9493381977081299,0.6368876695632935,0.7931129336357117,0.9615384615384615,0.003766966884317796,0.99391995119632,1.1817198605937456,True,0.7071067811865476
pair_183,2,520.5,510.5,9.75,1.5,0.929010808467865,0.6368876695632935,0.7829492390155792,0.9615384615384615,0.003766966884317796,0.99391995119632,1.1715561659736131,True,0.7071067811865476
pair_183,3,520.5,510.5,9.75,3.5,0.922453910112381,0.6368876695632935,0.7796707898378372,0.9615384615384615,0.003766966884317796,0.99391995119632,1.1682777167958711,True,0.7071067811865476
pair_183,4,521.0,511.0,10.0,1.0,0.8438721001148224,0.7107150554656982,0.7772935777902603,0.9615384615384615,0.004679484217300618,0.9885853746737083,1.1655495505626297,True,0.0
pair_183,5,451.0,511.0,10.0,0.0,0.8388062119483948,0.7194961905479431,0.779151201248169,0.9803921568627451,0.029452036669256533,0.9358342011355657,1.1727426757544002,False,70.0
pair_184,1,732.0,646.0,10.0,0.0,0.9159546196460724,0.9512959718704224,0.9336252957582474,0.9803921568627451,0.005660736414490252,0.9379102203369136,1.32266611213366,False,350.0
pair_184,2,732.0,646.0,10.0,-1.0,0.8037764728069305,0.9512959718704224,0.8775362223386765,0.9803921568627451,0.005660736414490252,0.9379102203369136,1.266577038714089,False,350.0
pair_184,3,732.0,646.0,10.0,1.0,0.8035368025302887,0.9512959718704224,0.8774163872003555,0.9803921568627451,0.005660736414490252,0.9379102203369136,1.2664572035757682,False,350.0
pair_184,4,382.5,646.5,10.75,-1.0,0.9902118742465973,0.7384799718856812,0.8643459230661392,0.9615384615384615,0.004434647893159217,0.9816067290304804,1.2518550640093573,True,0.7071067811865476
pair_184,5,382.5,646.5,10.75,-1.5,0.9780784547328949,0.7384799718856812,0.858279213309288,0.9615384615384615,0.004434647893159217,0.9816067290304804,1.2457883542525061,True,0.7071067811865476
pair_185,1,570.0,720.0,10.0,0.0,0.9540497362613678,0.9945381283760071,0.9742939323186874,1.0,0.00483555966787369,1.025420477490713,1.3778030920013336,False,223.60679774997897
pair_185,2,570.0,720.0,10.0,-1.0,0.8363664746284485,0.9945381283760071,0.9154523015022278,1.0,0.00483555966787369,1.025420477490713,1.318961461184874,False,223.60679774997897
pair_185,3,520.0,770.0,10.0,1.0,0.8366915881633759,0.9916040301322937,0.9141478091478348,1.0,0.005417795794206628,1.0249545646032505,1.3177268247670013,False,254.95097567963924
pair_185,4,520.0,720.0,10.25,0.0,0.7987672388553619,0.9925132989883423,0.8956402689218521,1.0,0.004417169740096965,1.0221320091020623,1.2987369037800778,False,206.15528128088303
pair_185,5,570.0,720.0,10.25,1.0,0.7670142650604248,0.9945381283760071,0.8807761967182159,1.0,0.00483555966787369,1.025420477490713,1.284285356400862,False,223.60679774997897
pair_186,1,597.0,132.0,10.0,0.0,0.9545095264911652,0.9841653108596802,0.9693374186754227,0.9615384615384615,0.007843275408978473,1.0037420900150358,1.3597418212202603,False,670.820393249937
pair_186,2,597.0,132.0,10.0,1.0,0.8379969000816345,0.9841653108596802,0.9110811054706573,0.9615384615384615,0.007843275408978473,1.0037420900150358,1.301485508015495,False,670.820393249937
pair_186,3,597.0,132.0,10.0,-1.0,0.8375867903232574,0.9841653108596802,0.9108760505914688,0.9615384615384615,0.007843275408978473,1.0037420900150358,1.3012804531363065,False,670.820393249937
pair_186,4,597.0,132.0,10.25,0.0,0.8008556663990021,0.9841653108596802,0.8925104886293411,0.9615384615384615,0.007843275408978473,1.0037420900150358,1.2829148911741788,False,670.820393249937
pair_186,5,597.0,132.0,10.25,1.0,0.7687806487083435,0.9841653108596802,0.8764729797840118,0.9615384615384615,0.007843275408978473,1.0037420900150358,1.2668773823288495,False,670.820393249937
pair_187,1,804.0,498.0,10.0,0.0,0.9162722527980804,0.9832790493965149,0.9497756510972977,1.0,0.010396603323045848,1.1072976359027884,1.3625847353521858,False,350.0
pair_187,2,804.0,498.0,10.0,-1.0,0.7816208899021149,0.9832790493965149,0.8824499696493149,1.0,0.010396603323045848,1.1072976359027884,1.295259053904203,False,350.0
pair_187,3,874.0,498.0,10.0,1.0,0.7815526723861694,0.9818462133407593,0.8816994428634644,0.9803921568627451,0.018861819405568456,1.063255784226432,1.2859150322260446,False,420.0
pair_187,4,944.0,498.0,10.25,0.0,0.7801436483860016,0.902133584022522,0.8411386162042618,0.9803921568627451,0.12368975291708038,0.9571523957764329,1.2557094534241444,False,490.0
pair_187,5,944.0,498.0,10.25,1.0,0.745384469628334,0.902133584022522,0.823759026825428,0.9803921568627451,0.12368975291708038,0.9571523957764329,1.2383298640453106,False,490.0
pair_188,1,448.0,657.0,10.0,0.0,0.9044229388237,0.9554368257522583,0.9299298822879791,0.9803921568627451,0.04267044901672645,1.2241356975705924,1.354995188907207,False,70.0
pair_188,2,379.0,657.0,10.25,-3.5,0.8898719847202301,0.8914128541946411,0.8906424194574356,0.9615384615384615,0.003900027923303357,1.043228161499082,1.2842067796535428,True,1.0
pair_188,3,378.0,657.0,10.25,-1.0,0.941644161939621,0.828838586807251,0.885241374373436,0.9615384615384615,0.0045024484383691,1.0450769841526815,1.2791111009379164,True,0.0
pair_188,4,379.0,657.0,10.25,-4.0,0.8735848665237427,0.8914128541946411,0.8824988603591919,0.9615384615384615,0.003900027923303357,1.043228161499082,1.276063220555299,True,1.0
pair_188,5,379.0,656.0,10.25,-2.5,0.9223182499408722,0.8258520364761353,0.8740851432085037,0.9727626463656123,0.005808299265187338,1.0486482566834556,1.2719404226395705,True,1.4142135623730951
pair_189,1,441.0,236.0,10.0,0.0,0.9981663823127747,0.9998372793197632,0.9990018308162689,0.8533777523120425,0.032307473677185825,1.0183194723943,1.3633085984847488,False,203.9607805437114
pair_189,2,481.0,196.0,10.0,-1.0,0.9589472711086273,0.9997934103012085,0.9793703407049179,0.8533777523120425,0.03382489396999693,1.0139372403727427,1.3435423692298043,False,240.0
pair_189,3,441.0,196.0,10.0,1.0,0.9589614868164062,0.9997881054878235,0.9793747961521149,0.8533777523120425,0.033653025501132916,1.0148035023829105,1.3435990771842452,False,243.3105012119288
pair_189,4,481.0,556.0,10.0,1.5,0.9183764755725861,0.9998242855072021,0.9591003805398941,0.8533777523120425,0.019892957911245054,1.0229892042603441,1.3213912182417904,False,120.0
pair_189,5,521.0,196.0,10.25,0.0,0.9333350360393524,0.999769389629364,0.9665522128343582,0.8533777523120425,0.03420748167888133,1.015839481528857,1.330990983016633,False,243.3105012119288
pair_190,1,229.0,593.0,10.0,0.0,0.913592517375946,0.9911133646965027,0.9523529410362244,1.0,0.05992978459722468,0.9996323388096371,1.364302131836633,False,164.92422502470643
pair_190,2,229.0,593.0,10.0,1.0,0.8613997101783752,0.9911133646965027,0.926256537437439,1.0,0.05992978459722468,0.9996323388096371,1.3382057282378477,False,164.92422502470643
pair_190,3,229.0,593.0,10.0,-1.0,0.8612691760063171,0.9911133646965027,0.9261912703514099,1.0,0.05992978459722468,0.9996323388096371,1.3381404611518186,False,164.92422502470643
pair_190,4,269.0,513.0,10.25,0.0,0.8421934545040131,0.9912694096565247,0.9167314320802689,1.0,0.07091553997040037,1.0087318084327366,1.3317877209176228,False,126.49110640673517
pair_190,5,269.0,513.0,10.25,1.0,0.827735960483551,0.9912694096565247,0.9095026850700378,1.0,0.07091553997040037,1.0087318084327366,1.3245589739073917,False,126.49110640673517
pair_191,1,372.0,466.0,10.0,0.0,0.9974506497383118,0.9998230338096619,0.9986368417739868,0.9803921568627451,0.022085521964970673,1.2292880593358586,1.4201003991593901,False,165.0
pair_191,2,372.0,466.0,10.25,0.0,0.9025491178035736,0.9998230338096619,0.9511860758066177,0.9803921568627451,0.022085521964970673,1.2292880593358586,1.372649633192021,False,165.0
pair_191,3,372.0,466.0,10.0,1.0,0.8900254666805267,0.9998230338096619,0.9449242502450943,0.9803921568627451,0.022085521964970673,1.2292880593358586,1.3663878076304976,False,165.0
pair_191,4,372.0,466.0,10.0,-1.0,0.8897313177585602,0.9998230338096619,0.944777175784111,0.9803921568627451,0.022085521964970673,1.2292880593358586,1.3662407331695143,False,165.0
pair_191,5,372.0,466.0,10.25,1.0,0.8326538801193237,0.9998230338096619,0.9162384569644928,0.9803921568627451,0.022085521964970673,1.2292880593358586,1.337702014349896,False,165.0
pair_192,1,490.0,530.0,10.0,0.0,0.9978575110435486,0.999435305595398,0.9986464083194733,0.9803921568627451,0.006421088382873502,1.0410403462389195,1.3981523076787632,False,165.0
pair_192,2,490.0,530.0,10.0,-1.0,0.9474309980869293,0.999435305595398,0.9734331518411636,0.9803921568627451,0.006421088382873502,1.0410403462389195,1.3729390512004536,False,165.0
pair_192,3,490.0,530.0,10.0,1.0,0.9473474621772766,0.999435305595398,0.9733913838863373,0.9803921568627451,0.006421088382873502,1.0410403462389195,1.3728972832456272,False,165.0
pair_192,4,490.0,530.0,10.25,1.0,0.8948042094707489,0.999435305595398,0.9471197575330734,0.9803921568627451,0.006421088382873502,1.0410403462389195,1.3466256568923634,False,165.0
pair_192,5,490.0,530.0,10.25,0.0,0.884748786687851,0.999435305595398,0.9420920461416245,0.9803921568627451,0.006421088382873502,1.0410403462389195,1.3415979455009144,False,165.0
pair_193,1,304.0,532.0,10.0,0.0,0.9982090592384338,0.9997864961624146,0.9989977777004242,0.9803921568627451,0.034404208498134956,1.0047152717898373,1.4004677936378582,False,268.70057685088807
pair_193,2,304.0,532.0,10.0,1.0,0.9110332131385803,0.9997864961624146,0.9554098546504974,0.9803921568627451,0.034404208498134956,1.0047152717898373,1.3568798705879315,False,268.70057685088807
pair_193,3,304.0,532.0,10.0,-1.0,0.9109979271888733,0.9997864961624146,0.9553922116756439,0.9803921568627451,0.034404208498134956,1.0047152717898373,1.356862227613078,False,268.70057685088807
pair_193,4,304.0,532.0,10.25,-1.0,0.8410637080669403,0.9997864961624146,0.9204251021146774,0.9803921568627451,0.034404208498134956,1.0047152717898373,1.3218951180521115,False,268.70057685088807
pair_193,5,304.5,531.5,9.75,1.0,0.8302645087242126,0.9997864961624146,0.9150255024433136,0.9803921568627451,0.034404208498134956,1.0047152717898373,1.3164955183807476,False,268.7015072529367
pair_194,1,536.0,608.0,10.0,0.0,0.9981397092342377,0.999640703201294,0.9988902062177658,0.9727626463656123,0.06327247863906514,0.8340285788775679,1.3867763537430193,False,212.42645786248002
pair_194,2,536.0,608.0,10.0,1.0,0.9148654639720917,0.999640703201294,0.9572530835866928,0.9727626463656123,0.06327247863906514,0.8340285788775679,1.3451392311119463,False,212.42645786248002
pair_194,3,536.0,608.0,10.0,-1.0,0.9147948920726776,0.999640703201294,0.9572177976369858,0.9727626463656123,0.06327247863906514,0.8340285788775679,1.3451039451622393,False,212.42645786248002
pair_194,4,536.0,608.0,10.25,-1.0,0.8486998975276947,0.999640703201294,0.9241703003644943,0.9727626463656123,0.06327247863906514,0.8340285788775679,1.3120564478897478,False,212.42645786248002
pair_194,5,536.5,608.5,9.75,1.0,0.8182936906814575,0.999640703201294,0.9089671969413757,0.9727626463656123,0.06327247863906514,0.8340285788775679,1.2968533444666293,False,213.09739557301023
pair_195,1,186.0,582.0,10.0,0.0,0.9498126804828644,0.9701566100120544,0.9599846452474594,0.8620689655172414,0.1391543082072658,0.7931186513407857,1.3257480616781634,False,342.527371169079
pair_195,2,472.0,677.0,10.0,-1.5,0.9010076224803925,0.9332504272460938,0.9171290248632431,0.8333333333333334,0.009347679629068784,1.3457226913043565,1.3035708299194926,False,285.00175438056516
pair_195,3,472.0,677.0,10.25,-1.5,0.8977703750133514,0.9332504272460938,0.9155104011297226,0.8333333333333334,0.009347679629068784,1.3457226913043565,1.301952206185972,False,285.00175438056516
pair_195,4,186.0,582.0,10.0,-1.0,0.8605729639530182,0.9701566100120544,0.9153647869825363,0.8620689655172414,0.1391543082072658,0.7931186513407857,1.2811282034132403,False,342.527371169079
pair_195,5,186.0,582.0,10.0,1.0,0.8583730161190033,0.9701566100120544,0.9142648130655289,0.8620689655172414,0.1391543082072658,0.7931186513407857,1.2800282294962328,False,342.527371169079
pair_196,1,464.0,808.0,10.0,0.0,0.9973736107349396,0.9988605976104736,0.9981171041727066,0.9803921568627451,0.03733641288203413,1.1134283565145966,1.4110448694593964,False,342.527371169079
pair_196,2,464.0,808.0,10.0,-1.0,0.9266275465488434,0.9988605976104736,0.9627440720796585,0.9803921568627451,0.03733641288203413,1.1134283565145966,1.3756718373663483,False,342.527371169079
pair_196,3,464.0,808.0,10.0,1.0,0.9263002276420593,0.9988605976104736,0.9625804126262665,0.9803921568627451,0.03733641288203413,1.1134283565145966,1.3755081779129563,False,342.527371169079
pair_196,4,464.0,808.0,10.25,0.0,0.9212622046470642,0.9988605976104736,0.9600614011287689,0.9803921568627451,0.03733641288203413,1.1134283565145966,1.3729891664154588,False,342.527371169079
pair_196,5,464.0,808.0,10.25,1.0,0.8997911512851715,0.9988605976104736,0.9493258744478226,0.9803921568627451,0.03733641288203413,1.1134283565145966,1.3622536397345124,False,342.527371169079
pair_197,1,898.0,417.0,10.0,0.0,0.9063543975353241,0.9914116263389587,0.9488830119371414,1.0,0.03353635708683129,1.0186432229259557,1.3574546056471033,False,432.9618920875139
pair_197,2,802.0,417.0,10.0,-1.0,0.8288537263870239,0.9915056228637695,0.9101796746253967,1.0,0.013818686624430724,1.0579878862048404,1.318742200570767,False,341.76014981270123
pair_197,3,898.0,417.0,10.0,1.0,0.8294539153575897,0.9914116263389587,0.9104327708482742,1.0,0.03353635708683129,1.0186432229259557,1.319004364558236,False,432.9618920875139
pair_197,4,898.0,417.0,10.25,0.0,0.812414288520813,0.9914116263389587,0.9019129574298859,1.0,0.03353635708683129,1.0186432229259557,1.3104845511398477,False,432.9618920875139
pair_197,5,610.0,297.0,10.0,-1.5,0.7737756371498108,0.991047739982605,0.8824116885662079,1.0,0.020802204505414416,1.061168070022224,1.2926889364695133,False,128.0
pair_198,1,409.0,748.0,10.0,0.0,0.903814435005188,0.9977515339851379,0.950782984495163,1.0,0.01368489817785768,1.0227813736957816,1.3557981015003129,False,272.0
pair_198,2,409.0,748.0,10.0,-1.0,0.8266615569591522,0.9977515339851379,0.9122065454721451,1.0,0.01368489817785768,1.0227813736957816,1.317221662477295,False,272.0
pair_198,3,377.0,748.0,10.0,1.0,0.8258575201034546,0.9977872967720032,0.9118224084377289,1.0,0.013553116225385306,1.0187734764261993,1.316410379325426,False,288.44410203711914
pair_198,4,409.0,748.0,10.25,0.0,0.8076043128967285,0.9977515339851379,0.9026779234409332,1.0,0.01368489817785768,1.0227813736957816,1.3076930404460831,False,272.0
pair_198,5,409.0,748.0,10.25,-1.0,0.7810636162757874,0.9977515339851379,0.8894075751304626,1.0,0.01368489817785768,1.0227813736957816,1.2944226921356126,False,272.0
pair_199,1,513.0,529.0,10.0,-3.5,0.8737775981426239,0.49314388632774353,0.6834607422351837,0.9328897755805148,0.013635430955292143,1.6420715442668605,1.1302619155270826,True,0.0
pair_199,2,513.0,529.0,10.0,-4.0,0.8733594715595245,0.49314388632774353,0.683251678943634,0.9328897755805148,0.013635430955292143,1.6420715442668605,1.1300528522355329,True,0.0
pair_199,3,513.5,528.5,10.75,-1.5,0.757634848356247,0.6080795526504517,0.6828572005033493,0.9399043948527807,0.016151368043160922,1.6431021753341484,1.1323690101012305,True,0.7071067811865476
pair_199,4,513.0,529.0,10.0,-5.0,0.8669599294662476,0.49314388632774353,0.6800519078969955,0.9328897755805148,0.013635430955292143,1.6420715442668605,1.1268530811888944,True,0.0
pair_199,5,513.0,529.0,10.0,-2.5,0.857876718044281,0.49314388632774353,0.6755103021860123,0.9328897755805148,0.013635430955292143,1.6420715442668605,1.122311475477911,True,0.0
pair_200,1,499.5,276.5,10.75,-4.0,0.9474810361862183,0.5328412652015686,0.7401611506938934,0.9579112955847655,0.013971006700947723,1.560557543424466,1.1863844950519593,True,0.7071067811865476
pair_200,2,499.5,276.5,10.75,-5.0,0.9243515133857727,0.5328412652015686,0.7285963892936707,0.9579112955847655,0.013971006700947723,1.560557543424466,1.1748197336517365,True,0.7071067811865476
pair_200,3,499.5,277.5,10.75,-2.5,0.9295052587985992,0.4922633171081543,0.7108842879533768,0.9579112955847655,0.013876214832688902,1.5600297473338742,1.1570358943287316,True,0.7071067811865476
pair_200,4,500.0,277.0,10.25,-2.5,0.8657983541488647,0.5262801647186279,0.6960392594337463,0.9399043948527807,0.014001878574049834,1.5607556745810052,1.136886521062491,True,1.0
pair_200,5,500.0,277.0,10.25,-3.5,0.8610016107559204,0.5262801647186279,0.6936408877372742,0.9399043948527807,0.014001878574049834,1.5607556745810052,1.1344881493660188,True,1.0
